시리즈,연월,중앙값_만원_m2
광주,2006-01,107.70202390909336
광주,2006-02,102.02871184060814
광주,2006-03,98.83515707730322
광주,2006-04,106.13207547169812
광주,2006-05,107.13684564888067
광주,2006-06,105.3862986029288
광주,2006-07,100.85014169028172
광주,2006-08,107.51791965327554
광주,2006-09,101.1901698803922
광주,2006-10,112.17884377856133
광주,2006-11,124.09747292418773
광주,2006-12,118.37643037991086
광주,2007-01,118.49319106290162
광주,2007-02,110.07932722838103
광주,2007-03,107.27611940298509
광주,2007-04,107.10069151627593
광주,2007-05,105.497646267653
광주,2007-06,101.6548463356974
광주,2007-07,108.46691205118003
광주,2007-08,111.69459031424523
광주,2007-09,108.33333333333333
광주,2007-10,106.93400167084377
광주,2007-11,107.1547223540579
광주,2007-12,111.1111111111111
광주,2008-01,109.02389727737487
광주,2008-02,109.5
광주,2008-03,114.338173927558
광주,2008-04,124.65021622996693
광주,2008-05,111.69459031424523
광주,2008-06,115.0575287643822
광주,2008-07,117.2968566128807
광주,2008-08,115.60004767012275
광주,2008-09,106.2007790056752
광주,2008-10,106.95419760092054
광주,2008-11,132.69620037949232
광주,2008-12,113.11910936063572
광주,2009-01,113.7059412829156
광주,2009-02,107.76224953695909
광주,2009-03,116.73476194446759
광주,2009-04,123.7415686449909
광주,2009-05,139.11128903122497
광주,2009-06,126.93258812177706
광주,2009-07,123.56386427745149
광주,2009-08,124.7170909459731
광주,2009-09,126.91729985175317
광주,2009-10,129.447857814473
광주,2009-11,129.15013288245322
광주,2009-12,137.30090715153608
광주,2010-01,129.6272990836293
광주,2010-02,133.36667500208387
광주,2010-03,129.31543725604132
광주,2010-04,125.37167317940444
광주,2010-05,129.8241472913962
광주,2010-06,130.98555181390353
광주,2010-07,120.45347861339098
광주,2010-08,127.52125354225704
광주,2010-09,134.89590121630363
광주,2010-10,135.25753198820428
광주,2010-11,134.9527665317139
광주,2010-12,142.5712856428214
광주,2011-01,145.8144698747392
광주,2011-02,148.7389523604225
광주,2011-03,166.66666666666666
광주,2011-04,158.88452548101793
광주,2011-05,154.74318820485522
광주,2011-06,171.61000353810618
광주,2011-07,164.89211426924084
광주,2011-08,164.89988221436982
광주,2011-09,170.15313952863994
광주,2011-10,168.46361185983827
광주,2011-11,178.89886955472264
광주,2011-12,178.5267484808769
광주,2012-01,171.13471589951104
광주,2012-02,170.94017094017093
광주,2012-03,166.6638889814784
광주,2012-04,170.7158355513434
광주,2012-05,172.1832163156135
광주,2012-06,173.544526970596
광주,2012-07,168.6318916206436
광주,2012-08,175.21514397967505
광주,2012-09,181.19675148973664
광주,2012-10,181.1449159327462
광주,2012-11,180.02117896223086
광주,2012-12,179.6722430075439
광주,2013-01,183.13693750566142
광주,2013-02,181.84042690827866
광주,2013-03,180.0475393256171
광주,2013-04,182.53042173695616
광주,2013-05,181.69694949158193
광주,2013-06,180.0450112528132
광주,2013-07,184.92343934040045
광주,2013-08,186.5222623345367
광주,2013-09,187.40172353077733
광주,2013-10,192.339856163238
광주,2013-11,196.81976966194142
광주,2013-12,200.05001250312577
광주,2014-01,195.38606403013185
광주,2014-02,198.84692316743147
광주,2014-03,197.51646107684616
광주,2014-04,196.89010504925477
광주,2014-05,199.05781437707935
광주,2014-06,191.95046439628481
광주,2014-07,199.79360165118678
광주,2014-08,201.4675897370546
광주,2014-09,207.7431539187913
광주,2014-10,205.53847623704934
광주,2014-11,207.60087058429602
광주,2014-12,208.33333333333334
광주,2015-01,209.08179397981144
광주,2015-02,212.11878652045147
광주,2015-03,209.4364042828568
광주,2015-04,211.6447823082239
광주,2015-05,213.33333333333334
광주,2015-06,215.6109035663139
광주,2015-07,217.16409243990245
광주,2015-08,224.32113341204249
광주,2015-09,230.94832809463134
광주,2015-10,227.10397714369094
광주,2015-11,227.32626619552414
광주,2015-12,230.6458082631368
광주,2016-01,230.78094367993302
광주,2016-02,235.70126734328636
광주,2016-03,230.58288076154412
광주,2016-04,227.0618615848814
광주,2016-05,225.03750625104183
광주,2016-06,225.11255627813907
광주,2016-07,225.024378406785
광주,2016-08,229.4653457444155
광주,2016-09,233.79725102391205
광주,2016-10,241.178567185458
광주,2016-11,235.45240497813657
광주,2016-12,241.20044883071478
광주,2017-01,246.3316713840761
광주,2017-02,236.91388495293404
광주,2017-03,244.94865089819967
광주,2017-04,242.58437399083914
광주,2017-05,247.24072798149393
광주,2017-06,247.4810047282565
광주,2017-07,248.45756211439053
광주,2017-08,249.76144025787914
광주,2017-09,252.42467362567243
광주,2017-10,255.63403969054826
광주,2017-11,251.25628140703517
광주,2017-12,260.4764577003117
광주,2018-01,255.66261061553567
광주,2018-02,257.51620097626665
광주,2018-03,253.46006336501586
광주,2018-04,250.38590116203196
광주,2018-05,252.04062894938662
광주,2018-06,250.44431768360812
광주,2018-07,243.96309762076768
광주,2018-08,261.569416498994
광주,2018-09,271.7867685729783
광주,2018-10,247.94842317769593
광주,2018-11,247.0904800412369
광주,2018-12,243.36145966176116
광주,2019-01,247.67801857585138
광주,2019-02,241.78756044689013
광주,2019-03,240.5944097181271
광주,2019-04,243.36261159321063
광주,2019-05,244.17021524138863
광주,2019-06,253.5615387181797
광주,2019-07,250.71034598027745
광주,2019-08,260.4166666666667
광주,2019-09,270.3785299419187
광주,2019-10,258.96659330946306
광주,2019-11,275.98297789977426
광주,2019-12,272.6281579379505
광주,2020-01,287.3130740446871
광주,2020-02,270.98576388465233
광주,2020-03,266.229801572508
광주,2020-04,258.22309194177114
광주,2020-05,269.95886012442304
광주,2020-06,290.2546231659244
광주,2020-07,278.97984220163585
광주,2020-08,282.81766643828223
광주,2020-09,302.9980365964111
광주,2020-10,320.75471698113205
광주,2020-11,331.8074512426875
광주,2020-12,294.93779493779493
광주,2021-01,265.1664692722727
광주,2021-02,266.4265492305524
광주,2021-03,264.1864590286902
광주,2021-04,269.3197780764605
광주,2021-05,279.0160145286445
광주,2021-06,271.22641509433964
광주,2021-07,263.7680582581469
광주,2021-08,276.8549280177187
광주,2021-09,276.2782998632055
광주,2021-10,283.4041843794282
광주,2021-11,284.4220231364704
광주,2021-12,302.0946340649253
광주,2022-01,279.6124399289358
광주,2022-02,271.0735941029604
광주,2022-03,289.85748979210587
광주,2022-04,310.7514379915616
광주,2022-05,272.7576974564926
광주,2022-06,286.2434753325476
광주,2022-07,285.9496352082843
광주,2022-08,280.56112224448896
광주,2022-09,301.4886327094106
광주,2022-10,274.79578393063065
광주,2022-11,280.22417934347476
광주,2022-12,299.96873314996776
광주,2023-01,334.21149699590785
광주,2023-02,342.7672955974843
광주,2023-03,325.99741085088857
광주,2023-04,329.47727254006975
광주,2023-05,317.19904668827047
광주,2023-06,333.77128529071126
광주,2023-07,350.4710926543918
광주,2023-08,353.2320734722713
광주,2023-09,343.782842332847
광주,2023-10,316.8908806184973
광주,2023-11,317.23143475126176
광주,2023-12,310.1938760223244
광주,2024-01,311.9407025415299
광주,2024-02,325.9779338014042
광주,2024-03,317.4414457258352
광주,2024-04,332.2109509544633
광주,2024-05,312.22398972448093
광주,2024-06,333.7783711615487
광주,2024-07,350.19087158957745
광주,2024-08,343.79172229639516
광주,2024-09,344.73021625055884
광주,2024-10,343.5191007372025
광주,2024-11,341.122650619561
광주,2024-12,336.24747814391395
광주,2025-01,347.7904211920494
광주,2025-02,333.7783711615487
광주,2025-03,339.9528778189162
광주,2025-04,329.6128220310128
광주,2025-05,331.6749585406302
광주,2025-06,363.8791520614255
광주,2025-07,343.14461769549905
광주,2025-08,346.4551114681663
광주,2025-09,348.8928975290382
광주,2025-10,343.8579695565875
광주,2025-11,346.8956715139253
광주,2025-12,341.15994380895046
대구,2006-01,162.16216216216216
대구,2006-02,161.38855054811208
대구,2006-03,158.46538782318598
대구,2006-04,158.84221673138018
대구,2006-05,153.64503229775454
대구,2006-06,156.38279789223185
대구,2006-07,155.11721863002575
대구,2006-08,158.39933415635238
대구,2006-09,157.49897742623097
대구,2006-10,158.31663326653305
대구,2006-11,136.75783855903936
대구,2006-12,158.53198600738023
대구,2007-01,146.3963963963964
대구,2007-02,151.16666666666666
대구,2007-03,155.2328492739109
대구,2007-04,154.03104834097905
대구,2007-05,152.93004489721386
대구,2007-06,121.58236281189546
대구,2007-07,158.18017475143117
대구,2007-08,131.74015483002356
대구,2007-09,157.75279886116255
대구,2007-10,158.29116158644229
대구,2007-11,158.88895427528982
대구,2007-12,126.98964366037622
대구,2008-01,140.6979597215007
대구,2008-02,153.07948850794898
대구,2008-03,162.41886412720456
대구,2008-04,159.83677342165512
대구,2008-05,167.14044619378421
대구,2008-06,166.08758958801792
대구,2008-07,175.02917152858808
대구,2008-08,161.2474698218928
대구,2008-09,137.55689118833754
대구,2008-10,153.95606818423914
대구,2008-11,159.02799604654774
대구,2008-12,158.21382723716548
대구,2009-01,152.42467043314502
대구,2009-02,139.515455304929
대구,2009-03,156.97676472133514
대구,2009-04,164.21967940803108
대구,2009-05,144.92753623188406
대구,2009-06,165.36735175998112
대구,2009-07,165.95808814505475
대구,2009-08,177.64759580206436
대구,2009-09,140.126531461509
대구,2009-10,177.77891479683524
대구,2009-11,164.84163428705992
대구,2009-12,171.24173666223984
대구,2010-01,170.043345428453
대구,2010-02,145.0483494498166
대구,2010-03,163.38643484400512
대구,2010-04,163.950915308791
대구,2010-05,161.1660077663631
대구,2010-06,176.84581131218107
대구,2010-07,167.1782170695759
대구,2010-08,167.9937852010099
대구,2010-09,174.66154103292664
대구,2010-10,183.36389398233038
대구,2010-11,182.66580355383644
대구,2010-12,183.29326923076923
대구,2011-01,189.7854706456118
대구,2011-02,188.90003343363423
대구,2011-03,189.26275068351777
대구,2011-04,194.2355889724311
대구,2011-05,200.37043273278329
대구,2011-06,205.21205245420268
대구,2011-07,207.90941407454767
대구,2011-08,207.94901895019285
대구,2011-09,214.7479350612361
대구,2011-10,211.84133771199038
대구,2011-11,212.79740378991326
대구,2011-12,217.8264453079006
대구,2012-01,218.01106825423443
대구,2012-02,217.2096908939014
대구,2012-03,216.0121449162233
대구,2012-04,215.64855692335374
대구,2012-05,219.90255507973262
대구,2012-06,219.2187249076602
대구,2012-07,217.7751618599176
대구,2012-08,217.3671290593184
대구,2012-09,224.9431387414708
대구,2012-10,227.1111927035834
대구,2012-11,227.79694720945028
대구,2012-12,221.3848327837965
대구,2013-01,231.70528421403566
대구,2013-02,229.70045598637617
대구,2013-03,230.8685844844094
대구,2013-04,236.23839912677556
대구,2013-05,240.12690901140087
대구,2013-06,245.35184749352788
대구,2013-07,243.8128036775588
대구,2013-08,252.54209034839138
대구,2013-09,259.5432572095349
대구,2013-10,257.49933634191666
대구,2013-11,263.78385321690143
대구,2013-12,259.08691215075646
대구,2014-01,269.6817420435511
대구,2014-02,261.39173436948073
대구,2014-03,266.71111851975326
대구,2014-04,263.5096413668682
대구,2014-05,265.43231693572466
대구,2014-06,271.6936416005608
대구,2014-07,276.0174786514343
대구,2014-08,281.27789390344606
대구,2014-09,283.75897179101986
대구,2014-10,288.0056111124739
대구,2014-11,293.2328890586065
대구,2014-12,294.2394977660073
대구,2015-01,297.8146709813589
대구,2015-02,299.167574612457
대구,2015-03,305.9543421981643
대구,2015-04,302.5504250708451
대구,2015-05,305.4125287206021
대구,2015-06,309.4112591319295
대구,2015-07,305.63094285587374
대구,2015-08,311.7782909930716
대구,2015-09,320.80834886840364
대구,2015-10,313.07008768316365
대구,2015-11,308.41703990005243
대구,2015-12,296.0319781191615
대구,2016-01,300.6263572118945
대구,2016-02,302.3325920464621
대구,2016-03,298.383063843974
대구,2016-04,295.24550297145674
대구,2016-05,288.4883169529735
대구,2016-06,298.8204490652952
대구,2016-07,302.2974607013301
대구,2016-08,308.8319478090853
대구,2016-09,319.28480204342276
대구,2016-10,315.9027161295507
대구,2016-11,310.7344632768362
대구,2016-12,300.8317122482772
대구,2017-01,297.1453363670761
대구,2017-02,300.351882850369
대구,2017-03,302.52381748286814
대구,2017-04,301.3728665992343
대구,2017-05,312.18257538102864
대구,2017-06,331.8731661815842
대구,2017-07,348.4526340656745
대구,2017-08,330.85690434146954
대구,2017-09,325.21681120747166
대구,2017-10,317.0365426330719
대구,2017-11,323.91387927720103
대구,2017-12,329.4706818160424
대구,2018-01,336.33279557659273
대구,2018-02,344.0854542255451
대구,2018-03,333.09491301619516
대구,2018-04,324.60978057512585
대구,2018-05,326.6892212703772
대구,2018-06,281.90306803023566
대구,2018-07,320.5128205128205
대구,2018-08,333.8868619320702
대구,2018-09,345.1438517476837
대구,2018-10,334.74907050900384
대구,2018-11,321.21426050123546
대구,2018-12,319.7576573544261
대구,2019-01,306.3869903370257
대구,2019-02,300.04372724431823
대구,2019-03,310.7151160518126
대구,2019-04,304.4955798078792
대구,2019-05,309.67105152355333
대구,2019-06,329.48076185365875
대구,2019-07,325.1225086017432
대구,2019-08,326.26619552414604
대구,2019-09,332.5765535029712
대구,2019-10,332.1364452423698
대구,2019-11,347.0694332134726
대구,2019-12,346.05076856624913
대구,2020-01,344.23036327697713
대구,2020-02,339.18197527344057
대구,2020-03,258.5056992081556
대구,2020-04,327.3474842964757
대구,2020-05,327.79161786830997
대구,2020-06,360.2975360297536
대구,2020-07,367.4046161092793
대구,2020-08,368.5897435897436
대구,2020-09,380.95238095238096
대구,2020-10,394.31913116123644
대구,2020-11,388.62757936835067
대구,2020-12,351.493848857645
대구,2021-01,333.4942999154258
대구,2021-02,350.182094829457
대구,2021-03,350.0
대구,2021-04,353.0315377373378
대구,2021-05,357.1365429591801
대구,2021-06,345.46061415220294
대구,2021-07,364.66015819005406
대구,2021-08,361.28274147240984
대구,2021-09,363.3007230764876
대구,2021-10,357.12181461169314
대구,2021-11,397.88119889226175
대구,2021-12,371.39667723405444
대구,2022-01,353.8007040634011
대구,2022-02,355.4121233928653
대구,2022-03,347.8676056818376
대구,2022-04,359.0024360833991
대구,2022-05,365.67296816036037
대구,2022-06,359.20740004469747
대구,2022-07,360.99641954031966
대구,2022-08,360.99641954031966
대구,2022-09,353.90763393986094
대구,2022-10,350.0457981081131
대구,2022-11,366.32486754045226
대구,2022-12,400.3925811930536
대구,2023-01,376.476697390627
대구,2023-02,380.9600192485062
대구,2023-03,375.30738683584354
대구,2023-04,369.9136868064118
대구,2023-05,380.1789077212806
대구,2023-06,366.07848301290494
대구,2023-07,382.8934967012253
대구,2023-08,377.4223776962785
대구,2023-09,379.27824872697875
대구,2023-10,366.71556207494336
대구,2023-11,365.19903347324293
대구,2023-12,362.7412946624491
대구,2024-01,369.9720669893055
대구,2024-02,354.8825172134283
대구,2024-03,366.92764944186445
대구,2024-04,376.522979629505
대구,2024-05,408.53692090913825
대구,2024-06,400.247691489456
대구,2024-07,407.52617061835895
대구,2024-08,412.96345114580004
대구,2024-09,382.52441947508544
대구,2024-10,388.3234663870738
대구,2024-11,402.77941349664354
대구,2024-12,376.13488975356677
대구,2025-01,388.59966344914
대구,2025-02,360.03834113219665
대구,2025-03,365.56831559954827
대구,2025-04,374.32771096250485
대구,2025-05,400.15747439499285
대구,2025-06,410.12506382875256
대구,2025-07,380.10425716768026
대구,2025-08,402.96924708377514
대구,2025-09,395.1944356623459
대구,2025-10,411.67013138748314
대구,2025-11,461.17701314942724
대구,2025-12,427.4153887423437
대전,2006-01,167.11956000542062
대전,2006-02,168.63406408094437
대전,2006-03,158.28175162251426
대전,2006-04,159.7685160883943
대전,2006-05,157.03931473753568
대전,2006-06,150.24540098882756
대전,2006-07,150.55225148683093
대전,2006-08,151.6146817497803
대전,2006-09,160.175122507026
대전,2006-10,162.47718900128308
대전,2006-11,166.32411818516627
대전,2006-12,161.234094474464
대전,2007-01,150.7442064879754
대전,2007-02,141.67645781167093
대전,2007-03,142.43910651100236
대전,2007-04,142.9422275163788
대전,2007-05,138.93794889909336
대전,2007-06,156.6951566951567
대전,2007-07,151.76784523015343
대전,2007-08,118.24878620458732
대전,2007-09,151.37993507908658
대전,2007-10,154.4952665060552
대전,2007-11,151.4052794824617
대전,2007-12,155.40381445726396
대전,2008-01,156.89154454718428
대전,2008-02,152.75992770122616
대전,2008-03,151.5279442225924
대전,2008-04,152.7290936404607
대전,2008-05,155.69501402825483
대전,2008-06,143.2317934234416
대전,2008-07,130.56951673813703
대전,2008-08,141.3261099988223
대전,2008-09,143.7699680511182
대전,2008-10,146.44351464435147
대전,2008-11,140.73458840900702
대전,2008-12,155.36989243260555
대전,2009-01,160.3474194087189
대전,2009-02,161.6316302380621
대전,2009-03,163.19261607531985
대전,2009-04,165.18150935118513
대전,2009-05,170.4603931991504
대전,2009-06,160.09557945041814
대전,2009-07,172.97297297297297
대전,2009-08,197.11296978671442
대전,2009-09,148.77934113144337
대전,2009-10,177.30630593098113
대전,2009-11,181.86112423240434
대전,2009-12,187.92320609113668
대전,2010-01,192.01122983798007
대전,2010-02,190.21798852809707
대전,2010-03,181.13522537562605
대전,2010-04,183.6974408808751
대전,2010-05,181.8181818181818
대전,2010-06,189.49771614644465
대전,2010-07,197.3960520789584
대전,2010-08,194.34628975265016
대전,2010-09,201.4608859566447
대전,2010-10,210.9834767702735
대전,2010-11,222.37227101828762
대전,2010-12,228.70868830862827
대전,2011-01,232.05322092225356
대전,2011-02,235.40123566924325
대전,2011-03,241.2464399396884
대전,2011-04,228.32796841070785
대전,2011-05,247.04244954766878
대전,2011-06,237.9154078549849
대전,2011-07,231.52864717262014
대전,2011-08,225.10809402508465
대전,2011-09,227.3305996107834
대전,2011-10,239.96773543053033
대전,2011-11,235.3286949258826
대전,2011-12,246.91358024691357
대전,2012-01,241.01488361172167
대전,2012-02,237.17621637488372
대전,2012-03,223.66474060622383
대전,2012-04,226.16462095768395
대전,2012-05,227.00521271229192
대전,2012-06,229.64153696858355
대전,2012-07,221.28841649304945
대전,2012-08,225.72558896558277
대전,2012-09,235.34367825695057
대전,2012-10,241.69438270729236
대전,2012-11,240.05648387855965
대전,2012-12,241.6805246869795
대전,2013-01,235.41281318311755
대전,2013-02,242.24650127759259
대전,2013-03,233.91122752819052
대전,2013-04,233.73863770511159
대전,2013-05,239.92807970968636
대전,2013-06,243.6426574357609
대전,2013-07,239.94604712668226
대전,2013-08,246.74988742092648
대전,2013-09,248.52337352387056
대전,2013-10,255.04481275819836
대전,2013-11,258.6295021637646
대전,2013-12,258.753808271775
대전,2014-01,254.8601232811759
대전,2014-02,246.11708482676224
대전,2014-03,245.64650458484059
대전,2014-04,246.03326828189878
대전,2014-05,243.74607777800827
대전,2014-06,243.55806565478292
대전,2014-07,250.08753126137924
대전,2014-08,247.34664508005037
대전,2014-09,249.44111071890813
대전,2014-10,253.75626043405677
대전,2014-11,251.93995136974533
대전,2014-12,259.4547443482021
대전,2015-01,255.76901221487896
대전,2015-02,252.0122381736879
대전,2015-03,240.96356142923725
대전,2015-04,241.49854053302022
대전,2015-05,245.09515197315125
대전,2015-06,244.83061140219735
대전,2015-07,245.50193374810829
대전,2015-08,246.0560395573346
대전,2015-09,245.50691876723587
대전,2015-10,253.06026365348401
대전,2015-11,257.1210808046244
대전,2015-12,260.6524927273747
대전,2016-01,251.9726097332093
대전,2016-02,255.56851414780905
대전,2016-03,247.2624514305899
대전,2016-04,250.55346356406721
대전,2016-05,250.69403550096743
대전,2016-06,255.6614060182031
대전,2016-07,253.7383727775815
대전,2016-08,263.8610554442218
대전,2016-09,267.75727069351234
대전,2016-10,266.4579414987012
대전,2016-11,269.06031573694673
대전,2016-12,266.25932612942313
대전,2017-01,270.906949352179
대전,2017-02,259.66183574879227
대전,2017-03,252.25225225225225
대전,2017-04,255.1162288301948
대전,2017-05,257.19122335816286
대전,2017-06,262.3584645125656
대전,2017-07,265.0328573473364
대전,2017-08,273.1046537032991
대전,2017-09,281.5181656213285
대전,2017-10,270.7291337779451
대전,2017-11,273.83770363647716
대전,2017-12,287.0028700287003
대전,2018-01,282.41939279830547
대전,2018-02,274.44051825677263
대전,2018-03,275.5971271087356
대전,2018-04,269.85186973025054
대전,2018-05,260.91746794871796
대전,2018-06,274.4633614504333
대전,2018-07,272.9896722829585
대전,2018-08,304.1325253958162
대전,2018-09,304.3557265055658
대전,2018-10,301.13838827248463
대전,2018-11,291.9185734821112
대전,2018-12,278.8887262886302
대전,2019-01,278.93958183377026
대전,2019-02,266.9950689190485
대전,2019-03,265.50447817553186
대전,2019-04,286.15167216203486
대전,2019-05,292.26235417326285
대전,2019-06,289.2997240811494
대전,2019-07,295.0983661220407
대전,2019-08,305.50156074890623
대전,2019-09,300.44855201471375
대전,2019-10,301.1956557596373
대전,2019-11,317.89389408246404
대전,2019-12,318.0961357210179
대전,2020-01,305.86987270155583
대전,2020-02,307.5894349715814
대전,2020-03,304.3165279595756
대전,2020-04,286.87730180267494
대전,2020-05,316.34739785484743
대전,2020-06,356.40882468249913
대전,2020-07,336.40368442130557
대전,2020-08,377.3450477420649
대전,2020-09,350.9411308488974
대전,2020-10,352.82992134054683
대전,2020-11,394.4889307583608
대전,2020-12,375.5840710180154
대전,2021-01,369.81258366800535
대전,2021-02,363.4098224483439
대전,2021-03,349.48766579732455
대전,2021-04,363.747205852469
대전,2021-05,374.27708377004103
대전,2021-06,376.7143445759021
대전,2021-07,397.57271395689475
대전,2021-08,396.46706423831574
대전,2021-09,411.8548330595911
대전,2021-10,407.29542849249924
대전,2021-11,388.50825142390227
대전,2021-12,377.69463496025503
대전,2022-01,367.20638800549204
대전,2022-02,363.1869658543735
대전,2022-03,350.42051085020285
대전,2022-04,352.95778624876465
대전,2022-05,350.95107962518523
대전,2022-06,360.82474226804123
대전,2022-07,363.1191432396252
대전,2022-08,341.39737477191125
대전,2022-09,369.8781912454351
대전,2022-10,372.59738924863814
대전,2022-11,383.90975490953997
대전,2022-12,382.7573706086179
대전,2023-01,411.8616144975288
대전,2023-02,412.3276552963175
대전,2023-03,388.55528081949836
대전,2023-04,395.97756484588
대전,2023-05,389.7091609221119
대전,2023-06,408.25491436853173
대전,2023-07,418.4434085990787
대전,2023-08,401.82660466427114
대전,2023-09,423.9049549325565
대전,2023-10,393.343783815592
대전,2023-11,422.38751630344973
대전,2023-12,380.89744276256766
대전,2024-01,385.19637462235653
대전,2024-02,401.79748079305443
대전,2024-03,388.3540847788735
대전,2024-04,400.07801521296653
대전,2024-05,401.6870857601928
대전,2024-06,434.0834261417106
대전,2024-07,428.47556427411575
대전,2024-08,441.2745892910306
대전,2024-09,450.66413662239086
대전,2024-10,427.0882491741387
대전,2024-11,428.60510645835143
대전,2024-12,419.3224222291242
대전,2025-01,417.6509306933339
대전,2025-02,400.47114252061243
대전,2025-03,420.8512673362028
대전,2025-04,429.462289681139
대전,2025-05,428.1845896361501
대전,2025-06,427.3936071827736
대전,2025-07,432.3570432357043
대전,2025-08,409.60451977401135
대전,2025-09,437.98866005778757
대전,2025-10,453.0809504631494
대전,2025-11,453.12776005799765
대전,2025-12,459.0960409786371
부산,2006-01,140.85746984769784
부산,2006-02,141.88568889370092
부산,2006-03,140.03500875218805
부산,2006-04,139.42114635143867
부산,2006-05,136.66588068851686
부산,2006-06,136.23231597359384
부산,2006-07,140.35087719298247
부산,2006-08,142.6242868785656
부산,2006-09,143.2222489293901
부산,2006-10,140.28056112224448
부산,2006-11,135.52160107034226
부산,2006-12,146.34441914443445
부산,2007-01,150.9930308327769
부산,2007-02,150.5016722408027
부산,2007-03,149.42934462877986
부산,2007-04,151.80570506772565
부산,2007-05,143.31243581733702
부산,2007-06,150.12666245957058
부산,2007-07,148.48703748294406
부산,2007-08,150.5016722408027
부산,2007-09,156.65155262434735
부산,2007-10,151.18529269472666
부산,2007-11,154.19236539423235
부산,2007-12,150.6871601521757
부산,2008-01,160.24036054081122
부산,2008-02,155.16602764958506
부산,2008-03,155.70934256055364
부산,2008-04,165.36302257458306
부산,2008-05,155.05670614484666
부산,2008-06,158.8503475041829
부산,2008-07,154.5887938837543
부산,2008-08,162.28753347543312
부산,2008-09,152.37086716084247
부산,2008-10,149.3288590604027
부산,2008-11,153.48164974511434
부산,2008-12,154.20835785756327
부산,2009-01,155.05168389463157
부산,2009-02,158.73015873015873
부산,2009-03,168.13329418116717
부산,2009-04,164.84163428705992
부산,2009-05,170.91152815013405
부산,2009-06,179.51393665674587
부산,2009-07,183.88529569642776
부산,2009-08,187.0042187225838
부산,2009-09,178.69661813711838
부산,2009-10,176.5886860839488
부산,2009-11,188.25744205200613
부산,2009-12,188.6865271652486
부산,2010-01,190.39376893119862
부산,2010-02,197.71155135995514
부산,2010-03,187.11540876554065
부산,2010-04,189.68935888962326
부산,2010-05,194.12221464034448
부산,2010-06,198.18157587997803
부산,2010-07,200.82648089460972
부산,2010-08,202.87379498433717
부산,2010-09,212.49627199522814
부산,2010-10,207.96197266785504
부산,2010-11,222.7097437655326
부산,2010-12,233.3060971857941
부산,2011-01,237.8900189622479
부산,2011-02,236.33310660896046
부산,2011-03,240.628269698326
부산,2011-04,245.2206986287659
부산,2011-05,250.35132636132707
부산,2011-06,251.88323917137478
부산,2011-07,252.5252525252525
부산,2011-08,258.46256461564116
부산,2011-09,260.6285418889245
부산,2011-10,271.4504897911011
부산,2011-11,263.76628569870957
부산,2011-12,254.32795123894323
부산,2012-01,257.13971698252595
부산,2012-02,255.38396449773768
부산,2012-03,250.4105090311987
부산,2012-04,251.73480162920504
부산,2012-05,234.50203030824116
부산,2012-06,251.84044050766207
부산,2012-07,249.609984399376
부산,2012-08,253.5023348899266
부산,2012-09,252.50060990485483
부산,2012-10,258.47306385607084
부산,2012-11,253.69641697775205
부산,2012-12,250.7216320169611
부산,2013-01,250.4591751544498
부산,2013-02,251.4367816091954
부산,2013-03,253.9518975528784
부산,2013-04,262.04070151615235
부산,2013-05,255.38305103895004
부산,2013-06,253.45161075168411
부산,2013-07,256.29596612435927
부산,2013-08,262.5473195750397
부산,2013-09,263.59693026359696
부산,2013-10,261.1006879299562
부산,2013-11,261.66930621368624
부산,2013-12,268.97344056227615
부산,2014-01,271.9576613643265
부산,2014-02,259.0368538796656
부산,2014-03,268.3698224657029
부산,2014-04,265.0051836469942
부산,2014-05,263.58951614350036
부산,2014-06,263.23663737440546
부산,2014-07,271.2584031135747
부산,2014-08,275.9197324414716
부산,2014-09,275.5513614479173
부산,2014-10,270.65144036662275
부산,2014-11,278.9249881586467
부산,2014-12,282.78543655001766
부산,2015-01,283.9023233760076
부산,2015-02,282.82734535381263
부산,2015-03,282.186426625607
부산,2015-04,282.87544121242024
부산,2015-05,284.544868604102
부산,2015-06,288.98180029513037
부산,2015-07,297.4983096686951
부산,2015-08,285.900996569188
부산,2015-09,291.17347134594786
부산,2015-10,294.1394383937171
부산,2015-11,298.88253336625746
부산,2015-12,289.1501188157468
부산,2016-01,294.95562150020857
부산,2016-02,297.7398836107728
부산,2016-03,294.9086525085783
부산,2016-04,306.50476454337735
부산,2016-05,311.9114920801255
부산,2016-06,321.8460993796781
부산,2016-07,325.3411425010918
부산,2016-08,341.0902747061648
부산,2016-09,335.3142365012489
부산,2016-10,337.171546682373
부산,2016-11,325.38620605765726
부산,2016-12,331.81976947258124
부산,2017-01,333.8839075035394
부산,2017-02,335.3513255779651
부산,2017-03,335.3300177218483
부산,2017-04,342.2511905905412
부산,2017-05,341.2539553098527
부산,2017-06,342.0731949853371
부산,2017-07,343.39056509418236
부산,2017-08,340.53405340534056
부산,2017-09,341.3214318080973
부산,2017-10,333.9455668725998
부산,2017-11,337.9431614092952
부산,2017-12,350.9575036240177
부산,2018-01,347.89781761160475
부산,2018-02,353.19048740287263
부산,2018-03,340.13605442176873
부산,2018-04,329.55909700807416
부산,2018-05,336.9028997713873
부산,2018-06,336.4285669242768
부산,2018-07,326.46911099949773
부산,2018-08,325.48555843089287
부산,2018-09,357.6388802609038
부산,2018-10,340.8418633851537
부산,2018-11,334.8729792147806
부산,2018-12,321.3726805276101
부산,2019-01,333.95734932608354
부산,2019-02,335.2715372981746
부산,2019-03,333.0992923475104
부산,2019-04,334.67202141900935
부산,2019-05,329.48929159802304
부산,2019-06,345.54700743252056
부산,2019-07,349.9116607773851
부산,2019-08,364.04578720210174
부산,2019-09,362.9227726262907
부산,2019-10,383.04467479507105
부산,2019-11,428.07464928970546
부산,2019-12,394.3032015065914
부산,2020-01,370.63183903988704
부산,2020-02,367.10201200141194
부산,2020-03,353.6733454766242
부산,2020-04,345.8346142022748
부산,2020-05,367.6433981585662
부산,2020-06,423.21510036496346
부산,2020-07,400.48057669203047
부산,2020-08,388.6269887560817
부산,2020-09,406.0450775176966
부산,2020-10,418.2671788305591
부산,2020-11,362.67203375210573
부산,2020-12,309.72849309316166
부산,2021-01,328.8337060661444
부산,2021-02,333.73437660183356
부산,2021-03,328.3880646774462
부산,2021-04,335.64951124720295
부산,2021-05,360.07206678747633
부산,2021-06,348.920009494422
부산,2021-07,359.41156803744565
부산,2021-08,371.39788795417934
부산,2021-09,368.03874092009687
부산,2021-10,340.2602178424672
부산,2021-11,358.39306551091846
부산,2021-12,359.58266594030624
부산,2022-01,354.7403359863969
부산,2022-02,347.4266870804381
부산,2022-03,340.6192766547421
부산,2022-04,358.7992266675212
부산,2022-05,342.03294626009756
부산,2022-06,350.81604962349445
부산,2022-07,337.7665188938147
부산,2022-08,341.8589636698691
부산,2022-09,361.0906411201179
부산,2022-10,379.5986622073579
부산,2022-11,396.9908758819703
부산,2022-12,405.46911834040543
부산,2023-01,500.0455438840359
부산,2023-02,489.8989898989899
부산,2023-03,467.2538490035812
부산,2023-04,467.1137780915402
부산,2023-05,442.3581453899458
부산,2023-06,452.50168209762097
부산,2023-07,464.6629207802939
부산,2023-08,453.3002370128797
부산,2023-09,466.93125335489765
부산,2023-10,450.12957301280295
부산,2023-11,415.09923466078607
부산,2023-12,429.6688147607702
부산,2024-01,435.4478051076851
부산,2024-02,425.5016977835163
부산,2024-03,438.65479197128803
부산,2024-04,435.85567708730946
부산,2024-05,435.5460095990838
부산,2024-06,476.966071813425
부산,2024-07,470.94698788580604
부산,2024-08,491.1591355599214
부산,2024-09,470.6989879971758
부산,2024-10,479.3891358305396
부산,2024-11,478.55756126411063
부산,2024-12,456.5773858737964
부산,2025-01,450.37531276063385
부산,2025-02,437.7236836417735
부산,2025-03,456.6055355320117
부산,2025-04,450.82680591818973
부산,2025-05,482.8687664389506
부산,2025-06,523.841726031884
부산,2025-07,493.29867453386703
부산,2025-08,496.0747135473273
부산,2025-09,511.9868033648054
부산,2025-10,528.7671716844591
부산,2025-11,523.6169591862258
부산,2025-12,500.62578222778467
서울,2006-01,339.61153619776337
서울,2006-02,315.08901417353616
서울,2006-03,352.9827038475115
서울,2006-04,345.05208333333337
서울,2006-05,332.2235625113029
서울,2006-06,317.404952912452
서울,2006-07,315.5479059093517
서울,2006-08,320.873869260966
서울,2006-09,342.0219978906132
서울,2006-10,369.22663802363047
서울,2006-11,327.89790854306983
서울,2006-12,334.7042787720754
서울,2007-01,323.3323332333233
서울,2007-02,330.80534192247853
서울,2007-03,327.32447817836817
서울,2007-04,332.3272808242748
서울,2007-05,336.9246808136536
서울,2007-06,358.8117489986649
서울,2007-07,361.1971104231166
서울,2007-08,360.0592360051569
서울,2007-09,370.8267095778393
서울,2007-10,379.1325447376403
서울,2007-11,383.6794645904856
서울,2007-12,394.3032015065914
서울,2008-01,400.48057669203047
서울,2008-02,411.7889287605153
서울,2008-03,434.77013304113586
서울,2008-04,468.013468013468
서울,2008-05,494.9328305444261
서울,2008-06,496.59591509811776
서울,2008-07,498.14951086830297
서울,2008-08,501.5859543323766
서울,2008-09,492.9812336941775
서울,2008-10,480.03149296329104
서울,2008-11,528.6809410520751
서울,2008-12,559.6642014791125
서울,2009-01,595.6688509430269
서울,2009-02,543.2965563356737
서울,2009-03,532.258064516129
서울,2009-04,541.4083238116898
서울,2009-05,520.9713024282561
서울,2009-06,536.6395262768319
서울,2009-07,533.689126084056
서울,2009-08,541.5587473510714
서울,2009-09,518.5278866826862
서울,2009-10,506.70512858378976
서울,2009-11,509.182963321412
서울,2009-12,542.4810530514559
서울,2010-01,553.6130536130537
서울,2010-02,520.3888345371662
서울,2010-03,506.001412096964
서울,2010-04,480.36837069436854
서울,2010-05,485.8327104708841
서울,2010-06,500.75850195701236
서울,2010-07,513.7268763991988
서울,2010-08,512.9337015740782
서울,2010-09,495.0913955429587
서울,2010-10,511.9366563710517
서울,2010-11,538.8722055388722
서울,2010-12,534.184444817739
서울,2011-01,519.831223628692
서울,2011-02,500.5005005005005
서울,2011-03,491.1754911754912
서울,2011-04,489.7537505456827
서울,2011-05,494.460091548584
서울,2011-06,489.2389606271489
서울,2011-07,507.6142131979696
서울,2011-08,485.76214405360133
서울,2011-09,493.468148010248
서울,2011-10,500.45225256566357
서울,2011-11,496.58743233702046
서울,2011-12,506.1801059446733
서울,2012-01,489.6077919819115
서울,2012-02,482.6012848073515
서울,2012-03,479.0940766550523
서울,2012-04,485.8657243816254
서울,2012-05,498.92727648741817
서울,2012-06,471.58688988446124
서울,2012-07,472.20858194938535
서울,2012-08,458.9153124742595
서울,2012-09,483.2481236483229
서울,2012-10,486.495554437175
서울,2012-11,490.77006133633364
서울,2012-12,495.1891044238065
서울,2013-01,489.6496815286624
서울,2013-02,502.2181300744957
서울,2013-03,487.6875360535534
서울,2013-04,483.6473110241722
서울,2013-05,485.60972736829706
서울,2013-06,473.35600907029476
서울,2013-07,452.66316830687214
서울,2013-08,461.15572096033657
서울,2013-09,471.22577768491
서울,2013-10,484.4868735083532
서울,2013-11,494.2996200008125
서울,2013-12,506.1801059446733
서울,2014-01,509.37936121912423
서울,2014-02,501.9240421616195
서울,2014-03,484.9397132387599
서울,2014-04,485.11167871014686
서울,2014-05,490.850545825807
서울,2014-06,491.91194624704815
서울,2014-07,495.6018021883716
서울,2014-08,503.87029226622735
서울,2014-09,501.99104370103083
서울,2014-10,505.50550550550554
서울,2014-11,498.221478881534
서울,2014-12,517.6156286525296
서울,2015-01,508.452973091745
서울,2015-02,511.54249737670517
서울,2015-03,513.0793170157289
서울,2015-04,520.3151641034218
서울,2015-05,519.9494850012893
서울,2015-06,515.6015351243117
서울,2015-07,518.7455788729073
서울,2015-08,523.023023023023
서울,2015-09,539.3953337065486
서울,2015-10,555.7398536073542
서울,2015-11,570.704723238171
서울,2015-12,551.2020188604064
서울,2016-01,540.3479622400847
서울,2016-02,543.3486629194344
서울,2016-03,548.1813480434408
서울,2016-04,587.3140172278778
서울,2016-05,592.3221855864343
서울,2016-06,589.8520084566596
서울,2016-07,581.094016056896
서울,2016-08,590.318772136954
서울,2016-09,596.1301495320878
서울,2016-10,599.6701225259189
서울,2016-11,584.0731593351579
서울,2016-12,585.299044637874
서울,2017-01,586.8352656534171
서울,2017-02,604.9852049891631
서울,2017-03,616.7488964905422
서울,2017-04,643.7293886278092
서울,2017-05,674.0989541671051
서울,2017-06,626.1909092019304
서울,2017-07,651.5470304213679
서울,2017-08,621.2664277180406
서울,2017-09,680.4733727810651
서울,2017-10,695.0700645681007
서울,2017-11,730.9929469604853
서울,2017-12,743.9773264052905
서울,2018-01,733.3380005600671
서울,2018-02,674.2067640897742
서울,2018-03,644.9335059432741
서울,2018-04,647.2111084961167
서울,2018-05,649.6953345843772
서울,2018-06,656.78814577493
서울,2018-07,717.8750897343863
서울,2018-08,734.8814836589081
서울,2018-09,718.9675347688424
서울,2018-10,709.4714437743881
서울,2018-11,706.523568407303
서울,2018-12,700.6130473731174
서울,2019-01,717.005076142132
서울,2019-02,734.1243315508021
서울,2019-03,742.9420505200594
서울,2019-04,817.7104108496211
서울,2019-05,904.1784987308688
서울,2019-06,961.0446260183205
서울,2019-07,936.3295880149814
서울,2019-08,878.3333333333334
서울,2019-09,913.0024397570321
서울,2019-10,916.9618089393496
서울,2019-11,925.084514973116
서울,2019-12,876.8832391713748
서울,2020-01,809.0039248898873
서울,2020-02,823.2445520581115
서울,2020-03,800.376647834275
서울,2020-04,808.3073359803366
서울,2020-05,905.0728228188229
서울,2020-06,978.664281669915
서울,2020-07,1003.8144950813089
서울,2020-08,1072.4825480705413
서울,2020-09,1074.3662917575962
서울,2020-10,1052.0260253985443
서울,2020-11,1124.2973141786383
서울,2020-12,1172.1159777914868
서울,2021-01,1179.2710363554702
서울,2021-02,1156.9430239774824
서울,2021-03,1134.8464619492659
서울,2021-04,1187.3341049303965
서울,2021-05,1187.5372376338291
서울,2021-06,1179.3843613633683
서울,2021-07,1232.0914170391052
서울,2021-08,1281.9097440272735
서울,2021-09,1335.5838219421953
서울,2021-10,1294.5745736561921
서울,2021-11,1226.890756302521
서울,2021-12,1238.3535794315367
서울,2022-01,1117.1497584541064
서울,2022-02,1166.3524976437325
서울,2022-03,1224.5378547038738
서울,2022-04,1259.1939197898323
서울,2022-05,1167.0556852284096
서울,2022-06,1294.275642101729
서울,2022-07,1142.5648021828104
서울,2022-08,1155.314446453687
서울,2022-09,1010.202834799609
서울,2022-10,1055.4420842633567
서울,2022-11,1157.8893037179776
서울,2022-12,1121.7143813828898
서울,2023-01,1169.7860962566845
서울,2023-02,1210.184543517877
서울,2023-03,1234.7119858459746
서울,2023-04,1194.743130227001
서울,2023-05,1249.5393286272356
서울,2023-06,1259.9049128367672
서울,2023-07,1258.3552691057125
서울,2023-08,1249.1264849755416
서울,2023-09,1236.8026706279538
서울,2023-10,1137.6050024484875
서울,2023-11,1136.1811464538725
서울,2023-12,1177.4402449075708
서울,2024-01,1192.8595261928597
서울,2024-02,1201.8381053375751
서울,2024-03,1238.729118476252
서울,2024-04,1283.8069154399177
서울,2024-05,1334.7507677769904
서울,2024-06,1409.2846991946944
서울,2024-07,1362.7207015049175
서울,2024-08,1294.7269303201508
서울,2024-09,1241.9771695860613
서울,2024-10,1254.616439667859
서울,2024-11,1333.3333333333333
서울,2024-12,1309.1833167903483
서울,2025-01,1392.1939454526273
서울,2025-02,1563.8449823768167
서울,2025-03,1544.5402298850574
서울,2025-04,1309.935739001483
서울,2025-05,1363.1331303625795
서울,2025-06,1441.1101885897283
서울,2025-07,1309.2432573972244
서울,2025-08,1262.0901155933002
서울,2025-09,1434.5619068638268
서울,2025-10,1400.4668222740913
서울,2025-11,1322.1539851902448
서울,2025-12,1248.2049754554503
울산,2006-01,114.40769833725255
울산,2006-02,111.58342189160467
울산,2006-03,114.34633973830013
울산,2006-04,117.25412166003412
울산,2006-05,123.82864792503347
울산,2006-06,118.17810855784778
울산,2006-07,112.67748639790467
울산,2006-08,126.49130372286906
울산,2006-09,118.09837396370301
울산,2006-10,125.43486966342266
울산,2006-11,140.13188883655204
울산,2006-12,141.56251673851722
울산,2007-01,142.45014245014247
울산,2007-02,135.35781544256122
울산,2007-03,138.85426550978875
울산,2007-04,138.57801612014106
울산,2007-05,134.5246461198675
울산,2007-06,143.7283477035018
울산,2007-07,146.61903314235212
울산,2007-08,137.03208556149733
울산,2007-09,143.8608230177317
울산,2007-10,133.74610049187896
울산,2007-11,112.41273222103892
울산,2007-12,150.64034810536862
울산,2008-01,148.4050854348866
울산,2008-02,148.62422173127135
울산,2008-03,154.26208651399492
울산,2008-04,156.5719250939797
울산,2008-05,157.12318626986493
울산,2008-06,156.64518338745688
울산,2008-07,146.72591598893268
울산,2008-08,144.60735087366942
울산,2008-09,147.75135389686838
울산,2008-10,153.38364316829254
울산,2008-11,154.269530172609
울산,2008-12,158.18278114517742
울산,2009-01,158.39901097202906
울산,2009-02,172.5575191730577
울산,2009-03,158.00500290323527
울산,2009-04,173.7177972110612
울산,2009-05,177.1887431196652
울산,2009-06,169.66519957809362
울산,2009-07,174.30877150004474
울산,2009-08,182.4843737644934
울산,2009-09,172.2815505339548
울산,2009-10,164.00164001640016
울산,2009-11,173.42582710779084
울산,2009-12,171.90903419953003
울산,2010-01,175.62556710665584
울산,2010-02,180.0600200066689
울산,2010-03,175.2786007427382
울산,2010-04,167.16196136701336
울산,2010-05,176.7255751917306
울산,2010-06,217.40948391835192
울산,2010-07,174.18322346294033
울산,2010-08,202.50112831493374
울산,2010-09,191.78726909048123
울산,2010-10,189.38761888870349
울산,2010-11,199.0358610469954
울산,2010-12,205.1008412469464
울산,2011-01,199.76452756313495
울산,2011-02,192.73812484456602
울산,2011-03,181.10765873081985
울산,2011-04,191.76095394539516
울산,2011-05,203.13235986811117
울산,2011-06,217.46403479424555
울산,2011-07,213.47952324057084
울산,2011-08,215.42586766148474
울산,2011-09,231.24078528749902
울산,2011-10,226.7178358270451
울산,2011-11,223.6346516007533
울산,2011-12,233.33333333333334
울산,2012-01,242.0436991871521
울산,2012-02,247.53303227964543
울산,2012-03,243.08218773968966
울산,2012-04,248.17664059617664
울산,2012-05,247.15237481194927
울산,2012-06,247.65729585006693
울산,2012-07,250.08336112037347
울산,2012-08,248.16978193146417
울산,2012-09,265.0662665666417
울산,2012-10,263.4211403801267
울산,2012-11,253.45004304319292
울산,2012-12,251.29673603852007
울산,2013-01,254.20254202542026
울산,2013-02,253.54208921496456
울산,2013-03,256.29088171911985
울산,2013-04,265.2188244743931
울산,2013-05,255.67502986857824
울산,2013-06,250.29200734189888
울산,2013-07,247.1050467087373
울산,2013-08,254.2766391519337
울산,2013-09,260.94276094276097
울산,2013-10,256.0772450202469
울산,2013-11,252.71059216013344
울산,2013-12,259.21204252020084
울산,2014-01,257.8981302385558
울산,2014-02,256.7703109327984
울산,2014-03,261.11665924687065
울산,2014-04,269.59143418149796
울산,2014-05,270.59886556629436
울산,2014-06,260.1548387096774
울산,2014-07,256.71287128712873
울산,2014-08,260.8362134367361
울산,2014-09,268.3566767639674
울산,2014-10,270.5061082024433
울산,2014-11,265.63440860215053
울산,2014-12,272.7576974564926
울산,2015-01,271.5786987837997
울산,2015-02,275.5165936130244
울산,2015-03,274.8095313680835
울산,2015-04,272.1138612123631
울산,2015-05,273.106486231637
울산,2015-06,275.4000901864954
울산,2015-07,280.4878048780488
울산,2015-08,271.9801336250222
울산,2015-09,283.56018147851614
울산,2015-10,287.3316963385173
울산,2015-11,288.6855004480828
울산,2015-12,292.1048239025205
울산,2016-01,290.1353965183752
울산,2016-02,286.90713691789665
울산,2016-03,286.03268945022285
울산,2016-04,292.45514868518063
울산,2016-05,272.2450205184666
울산,2016-06,304.20014876711184
울산,2016-07,294.9555890732361
울산,2016-08,300.3003003003003
울산,2016-09,309.2669419817635
울산,2016-10,314.9781555234482
울산,2016-11,316.1955353190413
울산,2016-12,279.45124823363165
울산,2017-01,303.636970303637
울산,2017-02,306.0874315585808
울산,2017-03,303.3513288728777
울산,2017-04,293.1510641853838
울산,2017-05,291.7639213071024
울산,2017-06,298.8277393657917
울산,2017-07,297.14583604848167
울산,2017-08,311.6689533682267
울산,2017-09,300.3003003003003
울산,2017-10,308.9909563951727
울산,2017-11,295.7266330134204
울산,2017-12,305.3763440860215
울산,2018-01,294.4908623031653
울산,2018-02,288.86670057710546
울산,2018-03,293.1463943856893
울산,2018-04,293.78170989782905
울산,2018-05,276.3920382968002
울산,2018-06,292.97564419343456
울산,2018-07,291.14113972723135
울산,2018-08,274.0186601664285
울산,2018-09,289.27009754456776
울산,2018-10,290.810619885795
울산,2018-11,268.2680998472674
울산,2018-12,269.6479297272784
울산,2019-01,274.383465084704
울산,2019-02,266.0554538985463
울산,2019-03,271.70050042303035
울산,2019-04,276.503118013884
울산,2019-05,278.8166135789165
울산,2019-06,292.63572751837825
울산,2019-07,297.8254036829113
울산,2019-08,298.3234239209128
울산,2019-09,305.07525189546755
울산,2019-10,329.5581275170657
울산,2019-11,325.6704980842912
울산,2019-12,322.5506457487472
울산,2020-01,325.2168473909054
울산,2020-02,324.67532467532465
울산,2020-03,318.1154321462148
울산,2020-04,296.3596210016385
울산,2020-05,327.65076365502955
울산,2020-06,359.1192746968091
울산,2020-07,348.73551717836585
울산,2020-08,326.8092636733619
울산,2020-09,343.48470169230563
울산,2020-10,356.2713518789654
울산,2020-11,343.9020298607616
울산,2020-12,296.4414672255982
울산,2021-01,284.5047967233844
울산,2021-02,265.6748140276302
울산,2021-03,327.3638496104606
울산,2021-04,265.66839753652937
울산,2021-05,284.16831456429475
울산,2021-06,276.66132180538585
울산,2021-07,295.0983661220407
울산,2021-08,299.7245573354253
울산,2021-09,296.6360155107461
울산,2021-10,307.07652558794564
울산,2021-11,304.7964825698757
울산,2021-12,283.8537318417098
울산,2022-01,310.46087201772184
울산,2022-02,324.64642106978323
울산,2022-03,284.37604550016727
울산,2022-04,294.1977844900934
울산,2022-05,291.8333765993668
울산,2022-06,284.2277829677628
울산,2022-07,268.2192232207118
울산,2022-08,295.6718373757587
울산,2022-09,300.88115194498175
울산,2022-10,297.92395285029613
울산,2022-11,349.24829563547115
울산,2022-12,361.4356560477431
울산,2023-01,381.63982001421647
울산,2023-02,385.1686241049352
울산,2023-03,389.45865247306244
울산,2023-04,370.5034273246058
울산,2023-05,369.395985847701
울산,2023-06,391.7659503153716
울산,2023-07,394.3812220535573
울산,2023-08,367.95235548527614
울산,2023-09,388.5647023466653
울산,2023-10,356.5708354008192
울산,2023-11,353.77422139189946
울산,2023-12,359.966120835686
울산,2024-01,362.39656757585044
울산,2024-02,371.3019319384973
울산,2024-03,370.6471027751466
울산,2024-04,365.5699176052576
울산,2024-05,372.96092146054787
울산,2024-06,397.44254363227924
울산,2024-07,401.43369175627237
울산,2024-08,391.79697151530127
울산,2024-09,380.7666904912467
울산,2024-10,380.56551117514107
울산,2024-11,367.86005747475747
울산,2024-12,388.2809742322626
울산,2025-01,383.5712302706741
울산,2025-02,366.63307834594076
울산,2025-03,371.4040553342322
울산,2025-04,401.45985401459853
울산,2025-05,397.2572326927396
울산,2025-06,429.4284366334222
울산,2025-07,405.1709370652603
울산,2025-08,388.0766388665839
울산,2025-09,400.23566841180934
울산,2025-10,391.22257144796254
울산,2025-11,418.75654906058924
울산,2025-12,427.18447933056933
인천,2006-01,157.30337078651687
인천,2006-02,163.17266262564888
인천,2006-03,166.95188339270476
인천,2006-04,169.16570549788543
인천,2006-05,162.51489423405135
인천,2006-06,170.96134786917742
인천,2006-07,170.69868738595562
인천,2006-08,176.0268231349539
인천,2006-09,174.901617839965
인천,2006-10,177.31421121251628
인천,2006-11,184.11152945998364
인천,2006-12,181.7262223014317
인천,2007-01,181.4308509185234
인천,2007-02,185.49434242255612
인천,2007-03,183.55303122912852
인천,2007-04,190.4903906981245
인천,2007-05,196.03645397856036
인천,2007-06,203.46897931954635
인천,2007-07,201.76082171680116
인천,2007-08,212.9797066505927
인천,2007-09,217.988290316985
인천,2007-10,226.92761461414403
인천,2007-11,233.48322379799376
인천,2007-12,234.71145564168822
인천,2008-01,238.4848581605574
인천,2008-02,237.12419282986815
인천,2008-03,247.95349389014117
인천,2008-04,263.37722953825636
인천,2008-05,271.8233398179955
인천,2008-06,280.02333527793985
인천,2008-07,283.4041843794282
인천,2008-08,276.77993051057064
인천,2008-09,287.4561987303048
인천,2008-10,282.6522199976446
인천,2008-11,292.38549509994107
인천,2008-12,288.2861681473201
인천,2009-01,280.6974070842888
인천,2009-02,272.7388050234682
인천,2009-03,264.3112600784723
인천,2009-04,274.19280814623306
인천,2009-05,274.96626180836705
인천,2009-06,279.594542576243
인천,2009-07,280.3422489891593
인천,2009-08,286.62420382165607
인천,2009-09,282.9187787339385
인천,2009-10,278.0078078788596
인천,2009-11,275.59923587068863
인천,2009-12,270.19796682718027
인천,2010-01,281.1734361942093
인천,2010-02,280.13468013468014
인천,2010-03,269.5221445221445
인천,2010-04,266.97754275697287
인천,2010-05,269.6871628910464
인천,2010-06,269.28343222272935
인천,2010-07,267.32078494193036
인천,2010-08,265.00668611718936
인천,2010-09,270.683770742615
인천,2010-10,270.63535869903086
인천,2010-11,273.47195481052216
인천,2010-12,275.6928993173066
인천,2011-01,274.2126544645181
인천,2011-02,275.07227437995545
인천,2011-03,268.7624919049033
인천,2011-04,264.0129975629569
인천,2011-05,266.6666666666667
인천,2011-06,262.30831315577075
인천,2011-07,264.27962489343565
인천,2011-08,269.45732547938337
인천,2011-09,264.753138932771
인천,2011-10,265.5554720642656
인천,2011-11,263.48808030112923
인천,2011-12,255.47084568685585
인천,2012-01,262.49020883490834
인천,2012-02,259.8731123418383
인천,2012-03,257.467526182318
인천,2012-04,251.82778229082047
인천,2012-05,256.4177030018103
인천,2012-06,250.16186944493498
인천,2012-07,245.28021406273228
인천,2012-08,245.16679518881637
인천,2012-09,257.93650793650795
인천,2012-10,250.87807325639739
인천,2012-11,251.10223755895825
인천,2012-12,258.9911118959327
인천,2013-01,252.0613202599784
인천,2013-02,255.54047942107644
인천,2013-03,255.41878103516063
인천,2013-04,254.66893039049236
인천,2013-05,258.4246969918047
인천,2013-06,255.55575822553064
인천,2013-07,260.34267450244215
인천,2013-08,260.94276094276097
인천,2013-09,260.1176184013641
인천,2013-10,265.90852077932936
인천,2013-11,267.04498224862886
인천,2013-12,270.906949352179
인천,2014-01,266.94028045413216
인천,2014-02,266.67777870378086
인천,2014-03,268.5269702303446
인천,2014-04,266.73335000416773
인천,2014-05,272.6082307666945
인천,2014-06,270.16820880716307
인천,2014-07,273.1751007613077
인천,2014-08,281.51959379874575
인천,2014-09,276.6984575532791
인천,2014-10,289.8106805838625
인천,2014-11,290.126365938611
인천,2014-12,287.2629811116624
인천,2015-01,285.3778509187398
인천,2015-02,285.02415458937196
인천,2015-03,285.409284326953
인천,2015-04,285.7227019475164
인천,2015-05,290.5009050168997
인천,2015-06,286.1952861952862
인천,2015-07,297.1495348468135
인천,2015-08,299.3517972893341
인천,2015-09,304.46101053129803
인천,2015-10,312.68436578171094
인천,2015-11,319.4218987275488
인천,2015-12,316.358024691358
인천,2016-01,311.3360268001893
인천,2016-02,306.0456559913036
인천,2016-03,301.92349593740937
인천,2016-04,311.55397046020374
인천,2016-05,313.59469712051646
인천,2016-06,316.78486997635935
인천,2016-07,321.57906409403415
인천,2016-08,317.7183038628242
인천,2016-09,323.4146063639155
인천,2016-10,335.326925775221
인천,2016-11,337.00332758904494
인천,2016-12,336.32834472207657
인천,2017-01,325.3253253253253
인천,2017-02,318.4394798266089
인천,2017-03,318.5840707964602
인천,2017-04,323.88543693382707
인천,2017-05,321.9118705172475
인천,2017-06,336.8113244878052
인천,2017-07,338.1576641912659
인천,2017-08,343.5893830251654
인천,2017-09,341.88034188034186
인천,2017-10,336.84962654500384
인천,2017-11,338.55903935957303
인천,2017-12,330.9923129971973
인천,2018-01,334.85360627950445
인천,2018-02,338.25494275035095
인천,2018-03,338.959222153173
인천,2018-04,324.8262982973805
인천,2018-05,333.1789644300824
인천,2018-06,332.0116179291371
인천,2018-07,331.5047484221082
인천,2018-08,339.91962491627595
인천,2018-09,354.31776735114624
인천,2018-10,345.5032456121688
인천,2018-11,338.4325492373728
인천,2018-12,334.044755552482
인천,2019-01,329.9776286353468
인천,2019-02,321.48489627562776
인천,2019-03,323.4165851613154
인천,2019-04,321.1394565717785
인천,2019-05,323.5312797003279
인천,2019-06,328.44163274339405
인천,2019-07,333.44530104293824
인천,2019-08,344.30656267516656
인천,2019-09,344.3871648083741
인천,2019-10,358.15602836879435
인천,2019-11,375.18759379689845
인천,2019-12,371.7098653807514
인천,2020-01,385.4478543217251
인천,2020-02,386.0683618910124
인천,2020-03,348.4494831610537
인천,2020-04,336.9708075876456
인천,2020-05,346.6617754952311
인천,2020-06,362.91971693310666
인천,2020-07,346.8013468013468
인천,2020-08,346.79089026915113
인천,2020-09,354.79718802600746
인천,2020-10,351.7316017316017
인천,2020-11,370.8936771458848
인천,2020-12,406.0447708495163
인천,2021-01,403.33371495970886
인천,2021-02,393.63484087102177
인천,2021-03,397.4284044418469
인천,2021-04,392.25589225589226
인천,2021-05,407.709414381023
인천,2021-06,422.850100274671
인천,2021-07,472.22097316418893
인천,2021-08,494.11764705882354
인천,2021-09,492.2409477724011
인천,2021-10,468.7120177213543
인천,2021-11,465.00244738130203
인천,2021-12,451.47939664185606
인천,2022-01,452.48868778280547
인천,2022-02,457.92159265509866
인천,2022-03,466.9602761713492
인천,2022-04,470.7355478302622
인천,2022-05,466.99745653170993
인천,2022-06,461.3392962221961
인천,2022-07,470.009046727399
인천,2022-08,458.4547823781875
인천,2022-09,460.0970386481512
인천,2022-10,454.67302834689866
인천,2022-11,475.3542407709974
인천,2022-12,466.77791546673507
인천,2023-01,470.7931687911209
인천,2023-02,483.8932734129463
인천,2023-03,462.3910793576603
인천,2023-04,466.90307328605206
인천,2023-05,461.5836835604004
인천,2023-06,453.1010945039426
인천,2023-07,459.08342463992557
인천,2023-08,458.9941672433516
인천,2023-09,446.1799819079514
인천,2023-10,434.7826086956522
인천,2023-11,431.63607031039396
인천,2023-12,448.00309319191564
인천,2024-01,435.99273188332364
인천,2024-02,443.18827976051114
인천,2024-03,440.867687387448
인천,2024-04,451.8489068351391
인천,2024-05,458.9452603471295
인천,2024-06,471.00382853874453
인천,2024-07,492.2587090790909
인천,2024-08,480.1991937396253
인천,2024-09,460.6424285210025
인천,2024-10,461.36101499423296
인천,2024-11,469.6307705510455
인천,2024-12,465.9154870597335
인천,2025-01,450.42291690428345
인천,2025-02,456.77665666757565
인천,2025-03,474.8481065142211
인천,2025-04,471.2566844919786
인천,2025-05,470.6436051300153
인천,2025-06,506.4168213379384
인천,2025-07,461.2794612794613
인천,2025-08,470.70481853090547
인천,2025-09,479.22570325722097
인천,2025-10,517.9029684096054
인천,2025-11,518.0168131628503
인천,2025-12,496.81157090428553
지방광역시_통합,2006-01,150.28833706013887
지방광역시_통합,2006-02,144.61072809820078
지방광역시_통합,2006-03,141.4184407833951
지방광역시_통합,2006-04,141.90317195325542
지방광역시_통합,2006-05,140.11676396997498
지방광역시_통합,2006-06,126.47402705862703
지방광역시_통합,2006-07,141.5434671745556
지방광역시_통합,2006-08,146.05418138987042
지방광역시_통합,2006-09,147.45534209639365
지방광역시_통합,2006-10,147.20478194334413
지방광역시_통합,2006-11,146.24913971094287
지방광역시_통합,2006-12,150.46141500601846
지방광역시_통합,2007-01,147.86967418546365
지방광역시_통합,2007-02,148.53517164441533
지방광역시_통합,2007-03,151.00671140939596
지방광역시_통합,2007-04,151.24414376433322
지방광역시_통합,2007-05,142.91711701423645
지방광역시_통합,2007-06,153.04217991787982
지방광역시_통합,2007-07,162.0664307096028
지방광역시_통합,2007-08,150.02500416736123
지방광역시_통합,2007-09,166.17790811339196
지방광역시_통합,2007-10,160.58729066299608
지방광역시_통합,2007-11,157.15730936946488
지방광역시_통합,2007-12,145.10641237749977
지방광역시_통합,2008-01,157.11181681430722
지방광역시_통합,2008-02,160.01347481893214
지방광역시_통합,2008-03,172.26961030272622
지방광역시_통합,2008-04,170.59868374050453
지방광역시_통합,2008-05,174.8571233242311
지방광역시_통합,2008-06,174.20136838475594
지방광역시_통합,2008-07,163.20544992246903
지방광역시_통합,2008-08,164.34310345993197
지방광역시_통합,2008-09,147.16404731577853
지방광역시_통합,2008-10,147.05379450186476
지방광역시_통합,2008-11,150.06207027870073
지방광역시_통합,2008-12,150.51899854944145
지방광역시_통합,2009-01,154.30281043134116
지방광역시_통합,2009-02,150.60240963855424
지방광역시_통합,2009-03,162.9623069176696
지방광역시_통합,2009-04,172.1051906925513
지방광역시_통합,2009-05,175.80392419566144
지방광역시_통합,2009-06,181.69694949158193
지방광역시_통합,2009-07,169.70026355494514
지방광역시_통합,2009-08,197.67480500662694
지방광역시_통합,2009-09,167.92013034308656
지방광역시_통합,2009-10,179.21146953405017
지방광역시_통합,2009-11,179.3191711605382
지방광역시_통합,2009-12,181.5575728619207
지방광역시_통합,2010-01,181.9421833061997
지방광역시_통합,2010-02,176.53289396257503
지방광역시_통합,2010-03,180.4761683225021
지방광역시_통합,2010-04,182.8896565738671
지방광역시_통합,2010-05,181.4662472780063
지방광역시_통합,2010-06,194.1404871161313
지방광역시_통합,2010-07,184.23082967548817
지방광역시_통합,2010-08,188.77111932421133
지방광역시_통합,2010-09,196.07843137254903
지방광역시_통합,2010-10,200.00261908191652
지방광역시_통합,2010-11,210.41544071636343
지방광역시_통합,2010-12,214.4175209090975
지방광역시_통합,2011-01,216.68616843145685
지방광역시_통합,2011-02,213.1541701481848
지방광역시_통합,2011-03,211.83348946246076
지방광역시_통합,2011-04,213.21182723093202
지방광역시_통합,2011-05,221.19978044425716
지방광역시_통합,2011-06,224.55375332088767
지방광역시_통합,2011-07,223.34433870654496
지방광역시_통합,2011-08,223.8868315066273
지방광역시_통합,2011-09,228.91940624543926
지방광역시_통합,2011-10,230.2763315979175
지방광역시_통합,2011-11,226.6851804209757
지방광역시_통합,2011-12,222.5512668810474
지방광역시_통합,2012-01,227.43878020600192
지방광역시_통합,2012-02,227.6353365326227
지방광역시_통합,2012-03,225.8678078934855
지방광역시_통합,2012-04,227.85634229957805
지방광역시_통합,2012-05,225.94898574010847
지방광역시_통합,2012-06,227.1029861623484
지방광역시_통합,2012-07,223.81114333440746
지방광역시_통합,2012-08,226.5435283004502
지방광역시_통합,2012-09,233.26572008113592
지방광역시_통합,2012-10,234.01666198633342
지방광역시_통합,2012-11,233.3640598871271
지방광역시_통합,2012-12,232.5581395348837
지방광역시_통합,2013-01,234.1936913147707
지방광역시_통합,2013-02,235.3209719226782
지방광역시_통합,2013-03,236.8607117605468
지방광역시_통합,2013-04,241.56948884952203
지방광역시_통합,2013-05,241.38491356065123
지방광역시_통합,2013-06,241.02410241024103
지방광역시_통합,2013-07,242.68594764678318
지방광역시_통합,2013-08,249.20982251398004
지방광역시_통합,2013-09,252.49169435215947
지방광역시_통합,2013-10,251.8921581724294
지방광역시_통합,2013-11,252.5859995188838
지방광역시_통합,2013-12,254.2806927621521
지방광역시_통합,2014-01,256.5406666263776
지방광역시_통합,2014-02,252.12539133311105
지방광역시_통합,2014-03,256.3921583967794
지방광역시_통합,2014-04,253.77335868252692
지방광역시_통합,2014-05,256.5393070893733
지방광역시_통합,2014-06,254.1783545007139
지방광역시_통합,2014-07,258.1262652053202
지방광역시_통합,2014-08,266.71111851975326
지방광역시_통합,2014-09,267.6234866061784
지방광역시_통합,2014-10,269.4320559156457
지방광역시_통합,2014-11,271.7822743688552
지방광역시_통합,2014-12,272.705714963244
지방광역시_통합,2015-01,272.83511269276397
지방광역시_통합,2015-02,273.5156771180787
지방광역시_통합,2015-03,275.9943741871701
지방광역시_통합,2015-04,274.27506213753105
지방광역시_통합,2015-05,277.18801604151923
지방광역시_통합,2015-06,279.256892675423
지방광역시_통합,2015-07,284.9321373405599
지방광역시_통합,2015-08,280.8229159919684
지방광역시_통합,2015-09,286.89367437846397
지방광역시_통합,2015-10,288.68510253828435
지방광역시_통합,2015-11,288.3014338683362
지방광역시_통합,2015-12,282.82828282828285
지방광역시_통합,2016-01,282.585658777817
지방광역시_통합,2016-02,285.0852564705225
지방광역시_통합,2016-03,281.2071330589849
지방광역시_통합,2016-04,288.3173797716526
지방광역시_통합,2016-05,288.96438739618225
지방광역시_통합,2016-06,294.63759575721866
지방광역시_통합,2016-07,298.15172876333645
지방광역시_통합,2016-08,301.4184397163121
지방광역시_통합,2016-09,307.45481798676576
지방광역시_통합,2016-10,308.79652812552166
지방광역시_통합,2016-11,301.42470269633816
지방광역시_통합,2016-12,294.30357774093926
지방광역시_통합,2017-01,298.39294087557016
지방광역시_통합,2017-02,295.5212124223191
지방광역시_통합,2017-03,297.6648761391764
지방광역시_통합,2017-04,301.9064855277496
지방광역시_통합,2017-05,303.89604751464793
지방광역시_통합,2017-06,313.87899052446033
지방광역시_통합,2017-07,318.174283110731
지방광역시_통합,2017-08,315.4863258420446
지방광역시_통합,2017-09,311.71861976996166
지방광역시_통합,2017-10,308.34663378234393
지방광역시_통합,2017-11,306.20657166411496
지방광역시_통합,2017-12,311.78968871428117
지방광역시_통합,2018-01,311.79519154489776
지방광역시_통합,2018-02,315.54004194373636
지방광역시_통합,2018-03,310.21073890417784
지방광역시_통합,2018-04,303.89363722697055
지방광역시_통합,2018-05,305.28800527533485
지방광역시_통합,2018-06,294.1349491146538
지방광역시_통합,2018-07,301.67334433184067
지방광역시_통합,2018-08,312.379779949219
지방광역시_통합,2018-09,321.7739246415472
지방광역시_통합,2018-10,313.57437831460015
지방광역시_통합,2018-11,305.92847808007605
지방광역시_통합,2018-12,302.2480072595829
지방광역시_통합,2019-01,299.60723752819024
지방광역시_통합,2019-02,294.316743934492
지방광역시_통합,2019-03,298.5113927369068
지방광역시_통합,2019-04,300.0478661821886
지방광역시_통합,2019-05,305.31803878819824
지방광역시_통합,2019-06,311.1124190700412
지방광역시_통합,2019-07,313.8432638042266
지방광역시_통합,2019-08,320.08458137722164
지방광역시_통합,2019-09,322.79488671689097
지방광역시_통합,2019-10,331.80374161666083
지방광역시_통합,2019-11,363.5341334315683
지방광역시_통합,2019-12,349.6378938868783
지방광역시_통합,2020-01,348.42172372381276
지방광역시_통합,2020-02,353.011118066074
지방광역시_통합,2020-03,323.2825613926018
지방광역시_통합,2020-04,323.7457501012441
지방광역시_통합,2020-05,333.4850690397464
지방광역시_통합,2020-06,370.6264693679989
지방광역시_통합,2020-07,358.64224789390585
지방광역시_통합,2020-08,354.5194134830823
지방광역시_통합,2020-09,368.50921273031827
지방광역시_통합,2020-10,384.93723849372384
지방광역시_통합,2020-11,365.1476374419125
지방광역시_통합,2020-12,341.2491365808484
지방광역시_통합,2021-01,350.40410001024463
지방광역시_통합,2021-02,349.6542602727229
지방광역시_통합,2021-03,350.1700425550639
지방광역시_통합,2021-04,345.541851049807
지방광역시_통합,2021-05,357.68254934769095
지방광역시_통합,2021-06,347.9765698560717
지방광역시_통합,2021-07,365.6543061171814
지방광역시_통합,2021-08,371.19667183293905
지방광역시_통합,2021-09,370.91597735196945
지방광역시_통합,2021-10,354.98677163665894
지방광역시_통합,2021-11,366.6903241069316
지방광역시_통합,2021-12,361.4031862793233
지방광역시_통합,2022-01,350.109409190372
지방광역시_통합,2022-02,347.43412686302383
지방광역시_통합,2022-03,350.05834305717616
지방광역시_통합,2022-04,361.33808402684224
지방광역시_통합,2022-05,348.98538263033856
지방광역시_통합,2022-06,354.52611675726774
지방광역시_통합,2022-07,346.1306663626146
지방광역시_통합,2022-08,355.93220338983053
지방광역시_통합,2022-09,364.84044418530243
지방광역시_통합,2022-10,367.18685139671067
지방광역시_통합,2022-11,388.2105042189438
지방광역시_통합,2022-12,400.48057669203047
지방광역시_통합,2023-01,428.65869123357254
지방광역시_통합,2023-02,432.00785468826706
지방광역시_통합,2023-03,414.0786749482402
지방광역시_통합,2023-04,413.58566236370467
지방광역시_통합,2023-05,411.7889287605153
지방광역시_통합,2023-06,411.89471569218404
지방광역시_통합,2023-07,418.3052459430728
지방광역시_통합,2023-08,414.8718386147481
지방광역시_통합,2023-09,414.1434701222547
지방광역시_통합,2023-10,399.51573849878935
지방광역시_통합,2023-11,391.7339143219586
지방광역시_통합,2023-12,392.81129653401797
지방광역시_통합,2024-01,397.67672865679947
지방광역시_통합,2024-02,396.2314021338785
지방광역시_통합,2024-03,400.0856479646383
지방광역시_통합,2024-04,406.0023874197983
지방광역시_통합,2024-05,413.05505668280784
지방광역시_통합,2024-06,434.45427352774595
지방광역시_통합,2024-07,442.13329223215317
지방광역시_통합,2024-08,441.2779645458917
지방광역시_통합,2024-09,426.7334320219946
지방광역시_통합,2024-10,423.55532338448944
지방광역시_통합,2024-11,422.76856727511483
지방광역시_통합,2024-12,416.7343860116297
지방광역시_통합,2025-01,413.229300648127
지방광역시_통합,2025-02,402.5897586815774
지방광역시_통합,2025-03,418.1301220939957
지방광역시_통합,2025-04,421.73695615935986
지방광역시_통합,2025-05,431.800265904251
지방광역시_통합,2025-06,452.2062720067831
지방광역시_통합,2025-07,429.7591113215644
지방광역시_통합,2025-08,435.3599338290573
지방광역시_통합,2025-09,444.2631461840836
지방광역시_통합,2025-10,457.69767305076186
지방광역시_통합,2025-11,470.52301305516386
지방광역시_통합,2025-12,454.54545454545456
