연월,서울,지방광역시_통합,부산,대구,인천,광주,대전,울산
2006-01-01,,,,,,,,
2006-02-01,,,,,,,,
2006-03-01,,,,,,,,
2006-04-01,,,,,,,,
2006-05-01,,,,,,,,
2006-06-01,,,,,,,,
2006-07-01,,,,,,,,
2006-08-01,,,,,,,,
2006-09-01,,,,,,,,
2006-10-01,,,,,,,,
2006-11-01,,,,,,,,
2006-12-01,,,,,,,,
2007-01-01,-4.7934776146592135,-1.6093483513011209,7.195614826844565,-9.722222222222221,15.338183798204131,10.019465523615988,-9.798585824971106,24.510976551792908
2007-02-01,4.9879008921226875,2.713798345271856,6.072482301972526,-6.333710691823913,13.67979135580919,7.8905390870265935,-15.985860517679152,21.30638507757152
2007-03-01,-7.268975332068306,6.780070953184114,6.708562351873337,-2.0399019582004407,9.943672092260524,8.540445095948822,-10.009141893561413,21.433065393766814
2007-04-01,-3.6877918214932026,6.582637782159528,8.882840975262972,-3.028897788890328,12.605796864959506,0.912651562002198,-10.531667304656011,18.18605108137121
2007-05-01,1.4150466230675063,1.9985852976604157,4.8633609905669895,-0.4653501579895414,20.626761566993256,-1.5300052669086628,-11.526645966773131,8.637741244909192
2007-06-01,13.045415865843113,21.00680548974463,10.199009234101176,-22.253365171480322,19.014608772998407,-3.5407375690180154,4.292814065442685,21.620111759655792
2007-07-01,14.46664790318042,14.499407104206142,5.797014206597639,1.974607428148234,18.19705517747363,7.5525628752114216,0.8074231579517921,30.122740424460346
2007-08-01,12.212077859266724,2.718732692007819,5.523172479694227,-16.830360726146843,20.992757159122434,3.884627487621284,-22.007034648701705,8.333206733106447
2007-09-01,8.421888610930385,12.69710934227064,9.376548542802187,0.16115751294352165,24.63480498873618,7.059147604341809,-5.490982176432313,21.814397768039264
2007-10-01,2.6828797529434567,9.091082873111134,7.773515792383723,-0.01608907388011005,27.98050030077095,-4.675428923185166,-4.912641918715643,6.6259333236106555
2007-11-01,17.011866984838917,7.458621418274114,13.776965573332522,16.182703638370466,26.816188254381412,-13.652776459420979,-8.969738643733937,-19.780762855372892
2007-12-01,17.806441839693733,-3.5590537469719297,2.9674797529895436,-19.896516243438466,29.156625097488266,-6.137471154927409,-3.61603421174882,6.412595350801253
2008-01-01,23.860355284367852,6.250194760862016,6.12434206865855,-3.892470590236452,31.446695505857324,-7.991424402183577,4.077992914241291,4.180369975290343
2008-02-01,24.480737332535153,7.7276668195430664,3.099205038279851,1.2653727726233743,27.83365235458193,-0.52628158525998,7.823085119962814,9.800990245989682
2008-03-01,32.82542615227744,14.080764156027591,4.202653734027195,4.629184407105624,35.085480326730135,6.58306300029754,6.380858413267276,11.09639732538139
2008-04-01,40.829084766272985,12.796885548394732,8.930703560059893,3.769191434589181,38.26273785937988,16.386005043696695,6.846728425972293,12.984677857012116
2008-05-01,46.89717278923942,22.348622038613474,8.194871757311173,9.29209254213017,38.65958820481601,5.874011663606482,12.060826622200715,16.7988103309048
2008-06-01,38.40012666362427,13.825723390917343,5.810883224664787,36.60500235957589,37.62458346938751,13.184499226357381,-8.592073651585464,8.986978484301034
2008-07-01,37.916250294681596,0.7028100809520321,4.109285567442966,10.651775295882636,40.46541938514932,8.14068031874482,-13.967601938256069,0.07289834361190461
2008-08-01,39.30650964476099,9.543808628459093,7.831050020343322,22.3981177416565,29.956010768972654,3.4965501416763134,19.515907549619914,5.528096052199727
2008-09-01,32.941134217490074,-11.441870350563853,-2.732616046117331,-12.802249987716108,31.867724781135664,-1.96851168706903,-5.027064534010162,2.7043713483115184
2008-10-01,26.61310658399765,-8.427501395195925,-1.2279194630872459,-2.7386831701501912,24.556114723301437,0.018886350235858274,-5.2116495500450615,14.682702975408212
2008-11-01,37.79234747847519,-4.514736934114715,-0.46092791124962007,0.08750877107355226,25.227624642063653,23.83607317001011,-7.047766834769287,37.23492626197038
2008-12-01,41.93752405273252,3.7300806237705375,2.3367602799280185,24.58797637096759,22.8257765941426,1.807198424572154,-0.021828308897620108,5.006914239558902
2009-01-01,48.7385120804738,-1.787902679711273,-3.2380585195064926,8.334670051261806,17.700305692075524,4.294511682726609,2.2027158133402613,6.734220399426505
2009-02-01,31.93568801643025,-5.88142041851617,2.2969790066563966,-8.860777714393553,15.019392061421954,-1.586986724238293,5.807611112639144,16.103228103061372
2009-03-01,22.422867641133305,-5.402754071772186,7.978937818571796,-3.350657225140563,6.59711058380108,2.096052380920499,7.69803346344633,2.4263359026333475
2009-04-01,15.68221019573517,0.8830706773437447,-0.3152992001509758,2.7421136529162116,4.106497219572902,-0.7289578890899318,8.15327022108745,10.950796004321962
2009-05-01,5.261011247766212,0.5414711470888678,10.225176581834884,-13.289966891763749,1.1562369855642185,24.546129440866093,9.483527306928409,12.770589323040404
2009-06-01,8.06362073493947,4.302825618608597,13.008211487871524,-0.43364939537225977,-0.15312748891846972,10.320975502361884,11.773772864186306,8.311788405540788
2009-07-01,7.134327032421561,3.9795323229472324,18.951245479477286,-5.182612306458701,-1.080412908148709,5.342860708752006,32.47577022122088,18.798898153201904
2009-08-01,7.969280773003207,20.281776871045555,15.23018109760863,10.170780352886432,3.5567150020328064,7.886712384294858,39.47385220491597,26.193013468529536
2009-09-01,5.182074132330294,14.104044707856179,17.277417571225385,1.8680563736012346,-1.5784735261956673,19.506938687305574,3.484297275870607,16.602349819554753
2009-10-01,5.556642847709692,21.867966849218323,18.25489540003762,15.473795150501847,-1.6431543041918073,21.031114924056848,21.074877478584252,6.922509225092255
2009-11-01,-3.688042487754928,19.496666164541175,22.657947946639645,3.6557325659882567,-5.741139526608419,-2.6723202977160243,29.222763421792376,12.417420934482815
2009-12-01,-3.0702604136987888,20.62103429573636,22.358171623571522,8.23436841935774,-6.274390976294219,21.377287999860584,20.952137604556633,8.677463472939518
2010-01-01,-7.060264652649373,17.912423498700303,22.79374473648703,11.558939209276954,0.16958799686295212,14.002221538362036,19.747003441665267,10.875418999723884
2010-02-01,-4.216430516882208,17.217841591149806,24.55827735677176,3.9657929888805343,2.7117062093806377,23.760106693340035,17.686116416651277,4.347826086956519
2010-03-01,-4.933068030267373,10.74718549098639,11.289920105841645,4.083196729177341,1.9714954414447483,10.777145643693121,10.994743347961888,10.93231070036531
2010-04-01,-11.27429158967862,6.266206055679713,15.073694646397918,-0.16366132257041865,-2.631456834349988,1.317345943051862,11.209445659153072,-3.773842374988623
2010-05-01,-6.744822947749796,3.2208172304748928,13.580527154272136,11.20454535879054,-1.9199078761887645,-6.676051817580508,6.663007403580257,-0.26139805485373424
2010-06-01,-6.686243290493266,6.848512129327666,10.398991616415355,6.941188469208903,-3.687879691250373,3.193004847768588,18.3653644884882,28.14029303533312
2010-07-01,-3.7404265347001364,8.562488835403826,9.212909131217195,0.7352030492510098,-4.644845396718078,-2.517229193380044,14.119592608147835,-0.0720262302487562
2010-08-01,-5.285676931082173,-4.5042086583149015,8.486212968968099,-5.434247819379879,-7.542111732447276,2.2484188614523504,-1.4036012125726138,10.9690238881895
2010-09-01,-4.519813059556721,16.768865633876516,18.914545899337853,24.645589390688638,-4.324565532933211,6.286456908451354,35.409180081432346,11.322000815567357
2010-10-01,1.0324600032929787,11.601461447709415,17.766306143187236,3.1415306994519776,-2.651885656046471,4.488041958993105,18.99378065684911,15.479100617386955
2010-11-01,5.830761112625726,17.341296725036635,18.300632016453843,10.812904970195225,-0.771874803442707,4.492936646485668,22.27586954434151,14.767139569867481
2010-12-01,-1.5293821207300273,18.098913490195013,23.647459461410513,7.037730872993908,2.033669074068545,3.838560575181438,21.703270748643977,19.307773557084595
2011-01-01,-6.102065289806813,19.096168075978692,24.946325868580633,11.610054581915685,-2.475618544876801,12.487470544816869,20.853983966490475,13.744559436394432
2011-02-01,-3.8218218218218247,20.744732249941734,19.53429376450071,30.23245983160208,-1.8071328235014783,11.526325716749298,23.75340391872147,7.0410437794172775
2011-03-01,-2.930015720713397,17.374771102146113,28.598853128038225,15.837493402814196,-0.28185165214831276,28.883813257864045,33.185822602648244,3.325595916090829
2011-04-01,1.9537880559762355,16.579489089268495,29.274883980948687,18.471792979380975,-1.1104099481185736,26.730800867319715,24.295671902568827,14.715664004667527
2011-05-01,1.7757925499372051,21.895825676815317,28.965830533697435,24.325492397412685,-1.1199999999999988,19.19445760543075,35.873347251217844,14.942254197068937
2011-06-01,-2.300418522070824,15.665596937831783,27.09720268039415,16.04009782959883,-2.5902518433400523,31.014452480926646,25.550541026638474,0.025091304625024513
2011-07-01,-1.1898663437805546,21.230707748509282,25.743005305049117,24.363937909458812,-1.1376444406129504,36.89277899435404,17.291427429363516,22.56032412099165
2011-08-01,-5.2972845100826005,18.60226940865106,27.400665342508002,23.78375706064082,1.6794441783351433,29.311685412288192,15.828346561998119,6.382551768526579
2011-09-01,-0.32786825772451733,16.748897185174027,22.650877326815987,22.950899088169898,-2.1909816734019483,26.13662683182778,12.841060204463695,20.57149902812605
2011-10-01,-2.243325157998488,15.136658037263807,30.52890694812089,15.530562266748206,-1.877022521811178,24.550263030475715,13.737691265660557,19.71101234462389
2011-11-01,-7.846901875291001,7.732198573080784,18.435000300840485,16.495479531392565,-3.6507855133848577,32.564062340049475,5.826456620811982,12.358974118714094
2011-12-01,-5.24244746262138,3.7934147999958423,9.010417775926483,18.840395079457895,-7.334992551685692,25.21928779413085,7.959860236581373,13.765176151761516
2012-01-01,-5.814085471012165,4.962297248772662,8.091847696784992,14.872370109579425,-4.274946994149964,17.36470053110848,3.86189972018125,21.164504098784498
2012-02-01,-3.5762632954911777,6.793752322260738,8.061019533881453,14.986581497992768,-5.525515820297711,14.926297534993171,0.7540235294832609,28.429719070510263
2012-03-01,-2.459694088466302,6.625165108046693,4.065290975634994,14.133470075913369,-4.202582600916571,-0.001666611112949301,-7.28785856398958,34.21971740078784
2012-04-01,-0.7938736885067743,6.868528476511027,2.656424615403563,11.024224790216941,-4.615384615384599,7.446483560627781,-0.9474737011335166,29.419798707742185
2012-05-01,0.9034470152775143,2.147020800071764,-6.330821683049881,9.748006270464904,-3.8433613743211414,11.27030424607154,-8.110847699277912,21.670606776989732
2012-06-01,-3.608067256144043,1.1352439243435208,-0.016991469481475452,6.825462874108434,-4.630598079300174,1.1272789421394425,-3.4776523979667906,13.884254968592336
2012-07-01,-6.974909355971093,0.20900669816208417,-1.1544461778471016,4.745214558602173,-7.189131904650015,2.2680146761271613,-4.4228784664974485,17.146299244145126
2012-08-01,-5.526744294092079,1.1866248568282778,-1.9191288816200358,4.529047627477056,-9.014611218066692,6.255469456245821,0.274310412147738,15.199620465928643
2012-09-01,-2.0710605949206706,1.8986218368208796,-3.118588595539795,4.747521170495772,-2.574712059596762,6.490395646938896,3.5248570407532043,14.627818028332573
2012-10-01,-2.788817126296661,1.6242791269347245,-4.780770867283113,7.208156423347933,-5.527055682104809,7.527622097678144,0.7195330962573854,16.18897975944038
2012-11-01,-1.1714696389534818,2.946323819558061,-3.8177239726763235,7.048743618294084,-4.70072222167156,0.6273429286063337,2.009015073221776,13.332187668156138
2012-12-01,-2.1713618120875244,4.496434818852291,-1.4179798973782298,1.633588369339667,1.3779522276259337,0.6416374780890077,-2.1193875017733066,7.698601159365759
2013-01-01,0.008555735312421042,2.969990914764198,-2.598020215029684,6.28143152063807,-3.973058127089657,7.0133178666086815,-2.324367003669836,5.023408119732431
2013-02-01,4.064814140512496,3.376292761538835,-1.5455876003433455,5.75055608295858,-1.6672109252544365,6.376649741342999,2.1377712235255197,2.4275777983968183
2013-03-01,1.7936893435416934,4.866963543669467,1.41423318669045,6.877594578743684,-0.7957295343361537,8.030324040756076,4.581181143793356,5.433838695567039
2013-04-01,-0.45658980375218317,6.018329975609982,4.093951182056843,9.547869226289318,1.1282107453858492,6.920615271252606,3.3488954706336616,6.866957275784413
2013-05-01,-2.669236529395669,6.831598632753999,8.904409357676691,9.196961774425594,0.7827049250106688,5.525354549382855,5.692762224704073,3.448340345956047
2013-06-01,0.3751417233559984,6.129869308693681,0.6397583488871872,11.921026635327593,2.1561594469068357,3.7457155207888393,6.096945984598934,1.0638537753505206
2013-07-01,-4.139148331829389,8.433362178117276,2.678571428571419,11.956203634641183,6.1409194774501685,9.661012257637802,8.431363434795426,-1.190928656066248
2013-08-01,0.48819649839046964,10.005271120995785,3.5680084323643557,16.182281765093332,6.434788912501244,6.4532768675367835,9.314096178324437,2.46075778160455
2013-09-01,-2.4878205160217104,8.242091578795318,4.3945717053607725,15.381717647245207,0.8455997494519307,3.424438898614657,5.600190905714597,-1.5556508481036735
2013-10-01,-0.4128878281623005,7.638557030242521,1.01659493437527,13.380293272465282,5.991136382640705,6.180101811219574,5.523682388214302,-2.7878914157315915
2013-11-01,0.7191878524269057,8.236889451209372,3.1426889393685764,15.797799947846801,6.349104987934351,9.331452441623544,7.736936734689781,-0.291754096460517
2013-12-01,2.2195564124246614,9.340697887725424,7.279710329932865,17.030109467245968,4.600867330549296,11.34163472024239,7.064401902846118,3.149784834637681
2014-01-01,4.0293459660520226,9.542091072628933,8.58362892739677,16.38998349059444,5.9029129018317805,6.6885068033267325,8.26093951093949,1.4537967180383138
2014-02-01,-0.05855780491886842,7.14106323509256,3.022657314427013,13.796785142204616,4.3583307458512355,9.352428691630287,1.597787183202426,1.2732488431523414
2014-03-01,-0.5634392129496124,8.245962992789547,5.677423579724339,15.525080692719495,5.132038114839932,9.702394054737074,5.0169789542213294,1.882929855085358
2014-04-01,0.3027759387049356,5.051908621045631,1.1313059817385396,11.543949815481813,4.737295434969857,7.8670082365734695,5.259990687674976,1.6486799968933097
2014-05-01,1.079224356956754,6.278103011982283,3.213394573823436,10.53834742158044,5.488459090788678,9.554846646614568,1.591309392773721,5.837032934106756
2014-06-01,3.920080620334465,5.4576500685741935,3.8607080040647723,10.736334116142231,5.717910910360624,6.6124871001031815,-0.03471961021451753,3.9405298924731103
2014-07-01,9.485780352332585,6.362262713706679,5.837952588748663,13.20877102765532,4.929052174558213,8.041253376979384,4.226568537444053,3.8881539273927457
2014-08-01,9.26250491199363,7.0227151679751465,5.093334370381886,11.378619506717701,7.885573365454812,8.012623917091855,0.2418471859749749,2.5796999310200075
2014-09-01,6.528773991793857,5.992986142710133,4.535117754355467,9.33012663932744,6.374362203459283,10.854452138842397,0.369276008942232,2.841203869546205
2014-10-01,4.338328476259545,6.963256764511749,3.6578809931089307,11.84712753202981,8.988865695044401,6.862134732288494,-0.5052258503932983,5.634574513270607
2014-11-01,0.7934173367794672,7.5998966239362975,6.594461610590674,11.164078271875866,8.643256838464964,5.477651427431396,-2.5865381706466795,5.114077859398836
2014-12-01,2.2591805907730134,7.245938337255597,5.135078005794269,13.567873932125284,6.037509114696249,4.140624999999987,0.27088918269790874,5.22570433248144
2015-01-01,-0.1818660507096337,6.3516035413275995,4.3921035177896695,10.43189973656602,6.9070019830805185,7.0095735935227665,0.3566226532427441,5.304640453418341
2015-02-01,1.916316894018899,8.483987143011129,9.184211094996853,14.451811314576425,6.879604283028717,6.674412227060178,2.395263762804256,7.300798371947392
2015-03-01,5.802701451080039,7.645403788073457,5.148344934225912,14.713756177924232,6.28700874334025,6.034911288418154,-1.9063748387211144,5.243967259962168
2015-04-01,7.256779611424058,8.078745366117012,6.743361514479074,14.81569459905372,7.119226727011063,7.493864282960305,-1.8431360037386435,0.9356480626038222
2015-05-01,5.928268680342663,8.048945476005475,7.949994661090143,15.06229996649533,6.563512114026482,7.17154410688523,0.5534752425315537,0.9266929704582427
2015-06-01,4.815818981018638,9.8665121284506,9.780235448041852,13.882407151368126,5.932258817158864,12.326325567611951,0.522481464119573,5.860068393281392
2015-07-01,4.669833035784454,10.384790603899852,9.67339859482026,10.72883657554038,8.776214969333518,8.694217755302414,-1.8335970170693217,9.261293939690397
2015-08-01,3.8011232356354174,5.291042064738671,3.6174520899239004,10.843510190706773,6.334267270695326,11.3435335702458,-0.5217800800565109,4.272382289811505
2015-09-01,7.4511867243182595,7.20048453768285,5.669400367300792,13.056636357094487,10.033504784779335,11.170127023733901,-1.577202707418035,5.66540952059893
2015-10-01,9.93744826806866,7.145789151631754,8.678319980591143,8.702773697315713,7.892630165239711,10.492196547068833,-0.2742776786599399,6.220040001271232
2015-11-01,14.54839813798392,6.078085680106438,7.15516574522872,5.178188193757216,10.097507923542715,9.501595805311736,2.05649378223276,8.677750735393875
2015-12-01,6.488673901773345,3.711901624945102,2.2507107662184556,0.6091909368944437,10.128365119342009,10.709987966305668,0.4616405771193488,7.093155070028367
2016-01-01,6.27294771321647,3.573787108565063,3.8933454269628243,0.9441060177695526,9.096072381889586,10.37830663640511,-1.4843090055335462,6.832898831048695
2016-02-01,6.21769759225046,4.229951085198347,5.2726649321354735,1.0579413354221634,7.375340322372592,11.117582374327405,1.411152093205148,4.134249467700224
2016-03-01,6.8414433916142325,1.888719249139359,4.508447140815397,-2.4746432097657256,5.786150807742607,10.096848516424895,2.6140425398727407,4.083977009919226
2016-04-01,12.876590525648957,5.119793802865047,8.353260795522033,-2.4144478057427476,9.040677669859164,7.284412641085192,3.749473189801278,7.475285302332613
2016-05-01,13.919179203526966,4.248513887014171,9.61768300735013,-5.541426816550555,7.949645493281099,5.486331055175864,2.2843713891287143,-0.31543216898910487
2016-06-01,14.400747141772218,5.507725497637939,11.37244596406559,-3.4228909757025083,10.688360450563206,4.40685167339081,4.423791025956891,10.457534186395367
2016-07-01,12.01907827714981,4.639557877241507,9.35898858161699,-1.090688699054787,8.221291431539512,3.619514570097615,3.354938555361464,5.158079582632014
2016-08-01,12.866689639199414,7.333989696529164,19.30363265579629,-0.9450122953082007,6.1354255226796495,2.293235708168395,7.236162915943534,10.41258649954302
2016-09-01,10.518225182942542,7.166816644823593,15.159610850281302,-0.4749087205351388,6.225294923492042,1.2335759053918816,9.06302438970037,9.065715915827566
2016-10-01,7.904826086056205,6.9665616307894584,14.629832885944282,0.9047905110799892,7.241347016792377,6.197421207142484,5.294263766184426,9.62179235261238
2016-11-01,2.342443570667263,4.551926312650667,8.867588344121003,0.751392782167537,5.504140114229372,3.5746589774290127,4.643429039330482,9.529413437203749
2016-12-01,6.185939929603701,4.057336415546375,14.75691963454615,1.6213566384316813,6.312569453612493,4.576125032169043,2.151076071968694,-4.331861247560742
2017-01-01,8.603216198061169,5.593801952342403,13.198014604818532,-1.1579227041509377,4.493311830600999,6.7383066626636845,7.5144435893320205,4.6535424313202345
2017-02-01,11.343828792833133,3.6606438652767137,12.632315667981086,-0.6551424650203419,4.049665006732672,0.5144722484166975,1.6016533236233643,6.685192584168065
2017-03-01,12.508187061057697,5.852534002663234,13.706401921216681,1.3877307865768573,5.51814452443431,6.230198048185476,2.0180180180180196,6.054776276076201
2017-04-01,9.605657237028309,4.713245440444691,11.66260044943117,2.07534528590938,3.9580514590805027,6.83624819140094,1.8210745128897088,0.23795631683418694
2017-05-01,13.806129598152218,5.167301151886838,9.407304307399333,8.213247135383138,2.652204732127439,9.86645386377647,2.59168027041885,7.1696080065904555
2017-06-01,6.160681022406123,6.530529384001826,6.284710501275126,11.061062661433429,6.321783774881795,9.936561878174377,2.6195031149463643,-1.7660771775076078
2017-07-01,12.124202352407941,6.715558695716228,5.54784508787729,15.268131348925106,5.1553729543736715,10.413620014647694,4.451232364312219,0.7425683921187698
2017-08-01,5.242532855436077,4.667228102890086,-0.16307158018603607,7.131696279686617,8.142772653573992,8.844949745078278,3.503206732617392,3.7857614716194865
2017-09-01,14.148457902218103,1.3868059740014926,1.7915121557405378,1.8579052701801047,5.709617052869964,7.967340300273773,5.1393169986287734,-2.899321092647511
2017-10-01,15.908736896935928,-0.1456928113501288,-0.9567770001696507,0.35891635165816727,0.45409439348260694,5.993680397800216,1.6029517661288128,-1.9008299538504914
2017-11-01,25.154346724743192,1.5864223884112683,3.8590927082547966,4.241375694662852,0.46163098200180386,6.712132089016509,1.7755825070097764,-6.47349504317567
2017-12-01,27.110633994899324,5.941521712907649,5.767508723743431,9.519930380255047,-1.5865542731132831,7.991696932175141,7.790729512022465,9.27714440935885
2018-01-01,24.96488256266012,4.491477120739384,4.197240356041054,13.187977199516542,2.92884697637692,3.7879575854096847,4.249593254678841,-3.0121852392762327
2018-02-01,11.441859822316003,6.774075321811113,5.319544150947486,14.560778164644805,6.222677833330081,8.696120122898465,5.691511217026846,-5.62608235620401
2018-03-01,4.5698678365068135,4.214760884027013,1.4332259105735545,10.105351634027393,6.395533620301519,3.474774176385842,9.25457538953447,-3.3640645403155145
2018-04-01,0.5408670055796705,0.6582010637324442,-3.7084147349691787,7.71035370174582,0.2904920247296161,3.216005649023157,5.776049986166809,0.21512653013819882
2018-05-01,-3.6201835697668883,0.4580374677692456,-1.2750198117160938,4.646846759990608,3.500055432790017,1.9413876536765295,1.4488226082917333,-5.26860310261672
2018-06-01,4.886247328629412,-6.290335449599926,-1.6501228812454194,-15.056986597104826,-1.4250431056518353,1.1973900617566313,4.613877032844105,-1.9583507156253788
2018-07-01,10.180087732135433,-5.186132146685052,-4.927757432719105,-8.018252933507187,-1.9674005570947894,-1.8089465482051148,3.0021994311423716,-2.020791003199729
2018-08-01,18.287654196635785,-0.9846847987893259,-4.419086673994199,0.9157909509645679,-1.0680650480462184,4.72770185378617,11.361165498932046,-12.080219346492182
2018-09-01,5.656968152986397,3.225763311478147,4.780669167584151,6.127309491236477,3.6379469502102912,7.670444679278243,8.112286762679567,-3.6730575176589397
2018-10-01,2.071932016700506,1.69541157888764,2.0650959906842736,5.586904187392627,2.5689857981804343,-3.0064918279881336,11.232353928883597,-5.883776250760753
2018-11-01,-3.3474165044857895,-0.09081894700285753,-0.9084907005400766,-0.8334372031200576,-0.037361318852835446,-1.6579889435877293,6.602768576250018,-9.285106615644878
2018-12-01,-5.828709759435579,-3.0602941021061647,-8.429745137491619,-2.948069433091305,0.9222095001676145,-6.570650641388087,-2.827199511718692,-11.69979765972926
2019-01-01,-2.22720279127242,-3.908961506531916,-4.007058273956876,-8.903623325887523,-1.4561520475570688,-3.123097280615472,-1.2321430656925036,-6.827850976836613
2019-02-01,8.887120487721711,-6.7260237016222195,-5.073452072976825,-12.799648006148468,-4.957812689554775,-6.107825631842911,-2.712955574132103,-7.8968072931169475
2019-03-01,15.196689840674171,-3.771418813094307,-2.0688080498319494,-6.718744745073469,-4.585400241694559,-5.076008218446814,-3.6621023735206593,-7.315762490478672
2019-04-01,26.343692207274195,-1.265499034423534,1.55144387072097,-6.196424744691731,-1.1350194688444448,-2.804986038042301,6.0402777450005996,-5.8814389398013205
2019-05-01,39.16961544895339,0.009837763798259402,-2.2005177688868005,-5.2092841265611085,-2.8956464122089076,-3.1226765862334416,12.013333745330357,0.8772232720801743
2019-06-01,46.3249043394967,5.772000235432606,2.710364518568409,16.877323881526586,-1.0752591153316282,1.244676287089752,5.405589493734841,-0.1160221614981416
2019-07-01,30.430711610486895,4.034138150104183,7.1806333242729,1.438222683743895,0.5853770210130227,2.765684001109925,8.098729030366458,2.2958843816928143
2019-08-01,19.520406060606057,2.466485324131762,11.846986071240995,-2.2824097851069647,1.2905809012854652,-0.4407051282051211,0.45014434128947123,8.86974768058586
2019-09-01,26.987992587255615,0.31729173719752257,1.4774379009161898,-3.6411769124891635,-2.8027390827766285,-0.5181409817900939,-1.283752579822306,5.463805102933139
2019-10-01,29.24576697000132,5.813409692475502,12.381933073235164,-0.7804727471420358,3.662131374252975,4.443734705209557,0.019016999951815272,13.323965832639594
2019-11-01,30.934700035344775,18.829778683243113,27.831946994787906,8.049198274040425,10.860375174418003,11.693084190744818,8.898139056556008,21.397399940471693
2019-12-01,25.15942180340003,15.6791394778643,22.693441414885807,8.222824569508024,11.27546809288309,12.026020191063115,14.058441857492209,19.619181231977013
2020-01-01,12.830989878447996,16.292826100714475,10.981788479220956,12.351494721862633,16.81029890292278,16.00265364554243,9.65452471490198,18.526401469020293
2020-02-01,12.139663089363516,19.942587481412865,9.493938841258952,13.044181389352305,20.089113474249643,12.075974208017959,15.20416321428053,22.032952122504334
2020-03-01,7.730696798493408,8.298232247881753,6.176552638139388,-16.80298580483317,7.740140471538348,10.655023898690953,14.618227929995253,17.083123384358025
2020-04-01,-1.1499272535266503,7.898034477161109,3.335382723639735,7.504839480105052,4.929743353516747,6.106311997259595,0.25358217729694044,7.18129442097557
2020-05-01,0.09891012551275224,9.225472023645453,11.579771341124845,5.851553206412152,7.149384695145367,10.561748842928909,8.240898404351515,17.5147920524797
2020-06-01,1.8333857944343501,19.129435744112545,22.476853007505838,9.353133094241883,10.49747679723958,14.471076580950681,23.197084205488384,22.718875696493868
2020-07-01,7.207388074683774,14.274317551586702,14.451909319711831,13.004977012935527,4.0054682781955675,11.275759726159151,13.997135545705696,17.093945938089796
2020-08-01,22.104274922642265,10.758041501936333,6.7522279938741825,12.9720910858095,0.721545234189569,8.601983912300359,23.516569544535738,9.548643340859787
2020-09-01,17.673978181647175,14.162035365052539,11.881950691424326,14.545772075594488,3.0227674784063963,12.064384942657824,16.805732128045324,12.590155890455158
2020-10-01,14.729535640685377,16.013531558799944,9.19540365737548,18.7220303009777,-1.7937508036518057,23.859495884024184,17.14309771523237,8.105770160536064
2020-11-01,21.534551274086745,0.4438383804881152,-15.27832018226749,11.974015046527242,-1.1444719180501717,20.227505974367155,24.094529055668957,5.598152698422099
2020-12-01,33.66842076934859,-2.3992700598820083,-21.449155900910412,1.5729137993097053,9.237017541515824,8.183174169750295,18.072503511144976,-8.094598125060603
2021-01-01,45.76827133638191,0.5689588654934852,-11.277534353772667,-3.1188600736283267,4.640280244770745,-7.708178559590994,20.905200764522448,-12.518432238101662
2021-02-01,40.53454967726475,-0.9509212660896327,-9.089472219904382,3.2431321113536082,1.9598806136166713,-1.6824554134292735,18.14769336336921,-18.1721572794899
2021-03-01,41.789052069425935,8.31702181727314,-7.149331755578736,35.39353332329078,14.0562473608707,-0.7675108240131734,14.843471743259794,2.9072520631425958
2021-04-01,46.891417667311686,6.732474771250807,-2.9450791033643453,7.846112975653807,16.406490836410835,4.297325251295359,26.795394256276197,-10.356074610089838
2021-05-01,31.20902624556543,7.255941136321309,-2.059422638625552,8.952311008349012,17.6101442965787,3.3550128341952146,18.312047548996734,-13.270974438050064
2021-06-01,20.509594909396366,-6.111247140699461,-17.554924388679037,-4.117963736595021,16.513399670872843,-6.555695087312097,5.697255086624664,-22.96116045596255
2021-07-01,22.740946965435672,1.9551679325158222,-10.254931461049832,-0.7469851490404023,36.16468837841174,-5.452646264132044,18.183222232186445,-15.380466976895747
2021-08-01,19.52732903052865,4.704187617260813,-4.433325862686299,-1.9824214440070875,42.4828797190518,-2.1083330810470313,5.067514894039826,-8.287618910646033
2021-09-01,24.313637926713394,0.6531083996026199,-9.360127409977848,-4.633560192422004,38.73868350284633,-8.818452103963924,17.357242242694237,-13.639235153921547
2021-10-01,23.05537528558399,-7.780610411780986,-18.650031591336656,-9.433302523263432,33.258432115240446,-11.644577811119428,15.436759712729398,-13.808246447986228
2021-11-01,9.12511671335201,0.4224829923114459,-1.1798451060364923,2.3811021181129988,25.37351700347297,-14.281001806544392,-1.5160575793498943,-11.371130117120531
2021-12-01,5.651113276764286,5.905963572658002,16.096088657929574,5.6623546730884655,11.189560623396932,2.426558837140491,0.5619418141240562,-4.246280219058852
2022-01-01,-5.267769324119853,-0.0841002773266708,7.878337725829554,6.08898087707197,12.187171813297827,5.447887395532658,-0.7047341755284986,9.12324698678939
2022-02-01,0.813304844857532,-0.6349510536400871,4.1027569943567155,1.4935168418463318,16.331570559614427,1.7442123864265024,-0.06132376732939093,22.19691289066641
2022-03-01,7.9033944909648435,-0.03189864474776316,3.7246213528831618,-0.6092555194749827,17.495445960173296,9.717012316906004,0.26691787555652713,-13.131506170105745
2022-04-01,6.052198329100333,4.571438431855346,6.896990653821855,1.6913215131798554,20.00725983312264,15.383816298607877,-2.9661862497111224,10.738720607384721
2022-05-01,-1.7247082244114753,-2.4315322995805744,-5.0098639109447785,2.39024131511405,14.541739792959385,-2.2429956512440286,-6.23228221987201,2.697366892162001
2022-06-01,9.741631693805598,1.8821804306838885,0.5434025213457261,3.9792628535182173,9.102326314342513,5.5367248182610185,-4.217944587628885,2.734918315650736
2022-07-01,-7.266231516443833,-5.339370938054833,-6.022357394288392,-1.0046994626226602,-0.46840919029252914,8.409500792711055,-8.665979708306914,-9.10853667356898
2022-08-01,-9.875523465160052,-4.112232032613294,-7.953444336214033,-0.07925148345675481,-7.217484518700157,1.3386773547094277,-13.890104483761645,-1.3521481174901373
2022-09-01,-24.362453467684254,-1.6379809815800783,-1.8878718535469186,-2.5854859459360613,-6.5301168603942195,9.12497755295567,-10.192096448721877,1.4310927238306848
2022-10-01,-18.471897583888676,3.436770250283838,11.561282307502507,-1.981401363362234,-2.995227099724529,-3.037499417183076,-8.519132996971535,-2.980551092313388
2022-11-01,-5.624090998329223,5.86876137635326,10.769686717020456,-7.9310938641145245,2.2261804100155658,-1.475920797800312,-1.1836290471331279,14.584096473424601
2022-12-01,-9.418892954804559,10.812685636508146,12.76103014590717,7.807259928910448,3.3885308917019907,-0.7037201840866314,1.34043091422138,27.3316555335255
2023-01-01,4.711663535192923,22.435638683589133,40.96100532058215,6.409256133973762,4.04529030283769,19.52669097299409,12.16079783758255,22.926865963460784
2023-02-01,3.7580444987852513,24.342377816726835,41.007875363807564,7.188245468880883,5.671643612012245,26.448058038177223,13.53041107252948,18.642498147898156
2023-03-01,0.8308547672102096,18.288474810213962,37.17774683586044,7.887995520658686,-0.9784979679968053,12.468168783460909,10.882573590447553,36.951989675527464
2023-04-01,-5.118416516305013,14.459471792898881,30.188067134377604,3.0393249812037393,-0.8141459810874663,6.025984841626597,12.188363672134717,25.93685162067625
2023-05-01,7.067669901516549,17.996039162677825,29.33202787241327,3.9669160216838417,-1.159272474740325,16.293343742889842,11.043727615347464,26.577703397789666
2023-06-01,-2.6555957747260495,16.1817694729087,28.98545621936579,1.9128456060071297,-1.7857142857142794,16.60398019656084,13.14493341070737,37.8352060536622
2023-07-01,10.134258179640243,20.851830419685037,37.569265983515756,6.06573250471254,-2.324555700267217,22.563923678066722,15.235843769036595,47.03689665413335
2023-08-01,8.12004375170905,16.559230848905425,32.59861088522711,4.550172042391742,0.11765279497493175,25.902003330473853,17.70055494209144,24.446196415270617
2023-09-01,22.43112254513666,13.51358565716232,29.31136955155025,7.168710803064804,-3.024809023133612,14.028459130730031,14.606636716051092,29.142254287073843
2023-10-01,7.7846922545708575,8.804478422662898,18.580389718791256,4.76216656703925,-4.374664519592053,15.318683600507189,5.568046144604,19.685185427165884
2023-11-01,-1.8748041971197504,0.9076029794978568,4.561404273734393,-0.30733214339729864,-9.196966537985451,13.206303429807399,10.02260580822596,1.2959048943082863
2023-12-01,4.967919146760003,-1.9150192554557077,5.968320477627165,-9.403592448794784,-4.022217344204537,3.4087362256000953,-0.48592868194616834,-0.4065828004149674
2024-01-01,1.9724486391153206,-7.227652958024655,-12.918371049684119,-1.7277644131510117,-7.391873802492932,-6.663682923705839,-6.474320241691844,-5.042254877294838
2024-02-01,-0.6896830921373165,-8.281435665146553,-13.14501426686987,-6.845207034197253,-8.411977576240904,-4.898180780874739,-2.553836583116331,-3.600161409476599
2024-03-01,0.32534977195715076,-3.379316016539846,-6.1206680465619945,-2.2327664436949335,-4.654802596994734,-2.624550024100303,-0.05178054463719217,-4.830178910768179
2024-04-01,7.4546388223211135,-1.8335439629523997,-6.691753159570702,1.7867121598428515,-3.224259447461364,0.8297016644937427,1.0355259315467658,-1.3315692529413115
2024-05-01,6.81942834431386,0.3074701221578602,-1.5399593885305318,7.459123221177677,-0.5716023566776918,-1.5684337691843075,3.0735548555592906,0.9650715626121409
2024-06-01,11.856433357465669,5.477020455980108,5.40647486709811,9.333847811903894,3.951156651784715,0.002122971972040588,6.32656481628131,1.448975673444286
2024-07-01,8.293797066815301,5.6963297783559685,1.3523926322676072,6.4332964987271035,7.226417391389317,-0.07995554289285112,2.397494014453261,1.7882366878404277
2024-08-01,3.6505867014341664,6.364887532331265,8.351837359830473,9.416790193114167,4.619890188066611,-2.6725634178905167,9.817165953886619,6.480354229171192
2024-09-01,0.41837708480043645,3.040000098522211,0.8069142117189454,0.8558810738559908,3.241392980296176,0.2755733565070084,6.312542794903586,-2.006876025620419
2024-10-01,10.285770277690908,6.0171809441176505,6.500253387462829,5.892279070424222,6.113033448673577,8.402961949152065,8.578873430059542,6.729287252937999
2024-11-01,17.352179051271133,7.922380937293427,15.287507493282138,10.29038320994189,8.802484976134895,7.531162820302506,1.472010870329532,3.9815891693403715
2024-12-01,11.188939095004313,6.090224412764544,6.262630702674632,3.6923270904629657,3.998274596765894,8.399134907394012,10.088011929895968,7.865977312209749
2025-01-01,16.710636490112552,3.910857958387015,3.428081960192042,5.034865634970465,3.3097306367073642,11.492478653293636,8.425457301563565,5.842953435366582
2025-02-01,30.121101621882772,1.6047078836902928,2.8723706443294583,1.4528255602029638,3.066050599173642,2.392934168635086,-0.33010119173074726,-1.2574277672570355
2025-03-01,24.68748872109994,4.510152818816482,4.092225569918928,-0.37046372612802303,7.707622966913008,7.091522671719264,8.367926032201511,0.20422459892930345
2025-04-01,2.0352611632888484,3.875486752567392,3.4348821451466893,-0.5830371015230651,4.295191902261397,-0.7820720286269789,7.344636133662807,9.817530021191413
2025-05-01,2.1264166517663607,4.53818659720171,10.865156790995979,-2.0510867158586743,2.5489629796018987,6.229812396322787,6.596553589919574,6.5144388685670185
2025-06-01,2.2582725416106397,4.086045312638253,9.827880218028472,2.467814942926849,7.51862100761691,9.018193957603081,-1.5411366931003312,8.047928817287598
2025-07-01,-3.9243143549984594,-2.7987444347645885,4.746115215303326,-6.728871770141809,-6.293285873516597,-2.012118094938975,0.905881054889135,0.9309745010782411
2025-08-01,-2.5207488901756614,-1.341111769069292,1.0008116782358245,-2.420118302066454,-1.9771743335887049,0.7747100930705075,-7.176952919020707,-0.9495562546919967
2025-09-01,15.506302530661852,4.107883949712554,8.771596374852919,3.3122110752162426,4.034208224345348,1.2075185412391498,-2.8126215366509055,5.1130990201492255
2025-10-01,11.625097360022153,8.060894948374697,10.300199183357005,6.012169498182707,12.255468402781977,0.09864628157727484,6.086025859824717,2.8003221416238677
2025-11-01,-0.8384511107316306,11.29564718773739,9.415669413537376,14.498655516134097,10.302996661617936,1.6923592977127422,5.721502900952791,13.83582983573155
2025-12-01,-4.657738954724477,9.07318181628758,9.647520380294061,13.633539558740338,6.631263545139676,1.460967288781867,9.485211531993865,10.019420903954801
